Authority,Authorised Status,Authority Type,AuthorityId,"HH waste not sent for recycling, reuse or composting","HH waste sent for recycling, composting or reuse",Household Waste Sent For Composting,Household Waste Sent For Dry Recycling,Jpp Order,Number of households,Population of Authority,Total Household Waste collected,Total hh waste collected,Unnamed: 13,Unnamed: 14,Unnamed: 15,Unnamed: 16
Adur District Council,40,Collection,394,3579.573414,1885.4765850000001,656.28,1229.196585,346,28060,63176.0,5465.05,5465.05,,,,
Allerdale Borough Council,40,Collection,273,6433.531935,4586.178064,2603.008782,1983.169281,40,46060,96471.0,11019.71,11019.71,,,,
Amber Valley Borough Council,40,Collection,197,7923.857879000001,4267.5221200000005,1573.1,2688.72212,104,55690,123942.0,12185.68,12191.38,,,,
Arun District Council,40,Collection,55,8088.58,5617.01,2302.44,3314.57,345,72470,154414.0,13705.25,13705.59,,,,
Ashfield District Council,40,Collection,351,8337.27,4348.659000000001,1881.26,2467.399,139,54280,122508.0,12685.928999999998,12685.928999999998,,,,
Ashford Borough Council,40,Collection,82,4908.64,5693.38,2797.57,2895.81,320,51560,123285.0,10602.02,10602.02,,,,
Aylesbury Vale District Council,40,Collection,144,6513.437494,8012.379505,3770.09,4236.119505,283,76330,184560.0,14466.757,14525.817,,,,
Barking and Dagenham LB,40,Collection,413,18105.150884,4548.639115,1834.311166,2672.6279489999997,242,73360,198294.0,22604.75,22653.79,,,,
Barnet LB,40,Collection,232,23619.29,15161.57,6891.01,8099.81,250,144290,374915.0,38602.07,38780.86,,,,
Barrow-in-Furness Borough Council,40,Collection,343,4699.68,2433.88,1249.14,1184.74,39,33440,67648.0,7133.56,7133.56,,,,
Basildon District Council,40,Collection,325,10313.591,10532.688,6293.92,4238.768,206,76370,180521.0,20846.279,20846.279,,,,
Basingstoke and Deane Borough Council,40,Collection,130,10706.883999999998,3961.018,702.76,3176.34,304,73070,172870.0,14585.983,14667.902,,,,
Bassetlaw District Council,40,Collection,14,8750.85,1992.53,118.13,1874.4,138,51100,114143.0,10736.63,10743.38,,,,
Blaby District Council,40,Collection,155,4510.499138,5124.294861,2616.045919,2471.526941,114,40350,95851.0,9596.108,9634.794,,,,
Bolsover District Council,40,Collection,274,4528.766,4443.911,2608.61,1825.809,103,35020,77155.0,8963.03,8972.677,,,,
Bolton MBC,40,Collection,230,14713.464424000002,10286.745575,5547.783602,4732.095972,51,123210,280439.0,24993.343999999997,25000.21,,,,
Boston Borough Council,40,Collection,407,4089.542255,3384.317744,1848.94,1535.377744,122,28830,66458.0,7473.86,7473.86,,,,
Braintree District Council,40,Collection,402,6928.232333,8662.349666,5306.66,3329.027666,205,63120,149985.0,15563.917,15590.582,,,,
Breckland Council,40,Collection,101,7347.280284,5282.637715,2527.726346,2754.911368,225,58890,133986.0,12629.918,12629.918,,,,
Brent LB,40,Collection,301,15309.33,9447.23,3659.01,5788.22,265,114960,320762.0,24722.0,24756.56,,,,
Brentwood Borough Council,40,Collection,129,3683.3532619999996,3659.585737,1635.82,1996.0847370000001,204,32790,75645.0,7315.258000000001,7342.939,,,,
Broadland District Council,40,Collection,170,5781.900661,6369.468338000001,3717.1787170000002,2650.74762,224,55850,125961.0,12149.827,12151.368999999999,,,,
Bromsgrove District Council,40,Collection,244,5068.5996939999995,5164.220305,2595.232154,2528.8021510000003,149,40170,95485.0,10192.63,10232.82,,,,
Broxbourne Borough Council,40,Collection,349,5610.394688,4013.875311,2588.58305,1411.0552599999999,217,39890,95748.0,9610.033000000001,9624.27,,,,
Broxtowe Borough Council,40,Collection,156,6154.760883,4431.398115999999,2102.8929550000003,2318.3341609999998,137,49600,111780.0,10575.989,10586.159,,,,
Burnley Borough Council,40,Collection,406,4877.265574,2785.054425,1388.674425,1383.73,64,40600,87291.0,7650.37,7662.32,,,,
Bury MBC,40,Collection,300,8278.68,8807.92,4892.48,3915.44,50,82350,187474.0,17086.6,17086.6,,,,
Cambridge City Council,40,Collection,257,6719.3889930000005,5427.453006000001,2752.599645,2674.853361,191,53060,128515.0,12140.322,12146.841999999999,,,,
Camden LB,40,Collection,379,14896.112351,5418.527647999999,937.806939,4370.670709,249,106380,234846.0,20207.06,20314.64,,,,
Cannock Chase Council,40,Collection,376,5132.5,5583.1630000000005,3195.48,2368.847,166,42200,98549.0,10696.827,10715.663,,,,
Canterbury City Council,40,Collection,152,7699.962796,7016.447203,4283.47,2732.977203,319,66030,157649.0,14716.41,14716.41,,,,
Carlisle City Council,40,Collection,76,6133.1,5457.698,3254.18,2195.43,38,50670,108022.0,11590.798,11590.798,,,,
Castle Point Borough Council,40,Collection,199,4235.861,4642.788,2708.24,1875.121,203,37950,88907.0,8874.625,8878.649,,,,
Charnwood Borough Council,40,Collection,372,7974.311436,8518.014562999999,4065.411485,4391.733078,113,71370,173545.0,16429.323,16492.326,,,,
Chelmsford Borough Council,40,Collection,346,10228.698669,9339.411329999999,6672.396392000001,2665.474937,202,72310,171633.0,19566.57,19568.11,,,,
Cheltenham Borough Council,40,Collection,29,6464.007021,5894.532978,2963.48,2862.041978,383,54310,116495.0,12291.43,12358.54,,,,
Cherwell District Council,40,Collection,51,6662.56,9565.71,6265.58,3300.13,326,60720,144494.0,16228.27,16228.27,,,,
Chesterfield Borough Council,40,Collection,3,5658.607086,5582.299913,3310.94,2254.029913,102,48980,104288.0,11223.577,11240.907,,,,
Chichester District Council,40,Collection,189,6640.945054,4564.564945,1537.92,3007.414945,344,55440,115527.0,11200.41,11205.51,,,,
Chorley Borough Council,40,Collection,65,5739.992142,6140.227857,3697.44278,2417.495076,63,48630,111607.0,11854.38,11880.22,,,,
Colchester Borough Council,40,Collection,7,7735.838000000001,7552.602,3950.83,3594.572,201,78380,180420.0,15280.997,15288.44,,,,
Copeland Borough Council,40,Collection,146,4544.21,2923.67,1892.75,1030.92,37,33270,69832.0,7467.88,7467.88,,,,
Corby Borough Council,40,Collection,313,3671.42,3279.42,1751.28,1501.12,130,27930,65434.0,6923.84,6950.84,,,,
Cotswold District Council,40,Collection,98,3998.4509999999996,6159.329000000001,4021.08,2116.3520000000003,382,41130,84637.0,10133.46,10157.78,,,,
Craven District Council,40,Collection,207,3038.033059,2326.5649399999998,950.0988880000001,1367.916052,85,26860,55696.0,5358.158,5364.598000000001,,,,
Crawley Borough Council,40,Collection,267,5667.77,2294.6,534.28,1735.77,343,43390,109883.0,7937.81,7962.37,,,,
Dacorum Borough Council,40,Collection,9,6760.578979000001,7862.4780200000005,4667.885948,3184.820072,216,62190,149741.0,14613.287,14623.056999999999,,,,
Dartford Borough Council,40,Collection,293,6657.75,2335.24,537.56,1797.68,318,42420,102234.0,8992.99,8992.99,,,,
Daventry District Council,40,Collection,391,3960.06,5394.22,3885.17,1501.82,129,33650,79036.0,9347.05,9354.28,,,,
Derbyshire Dales District Council,40,Collection,238,3123.996673,4545.567325999999,2816.4783260000004,1729.089,101,33390,71281.0,7669.564,7669.564,,,,
Dover District Council,40,Collection,371,4778.73,3650.551,1460.5,2190.051,317,50960,113066.0,8429.280999999999,8429.280999999999,,,,
Ealing LB,40,Collection,19,15105.71,10946.9,3480.31,7442.9,264,132240,342118.0,26028.92,26052.61,,,,
East Cambridgeshire District Council,40,Collection,321,3468.284,5154.1720000000005,3181.9,1972.2720000000002,190,36700,86685.0,8617.176,8622.456,,,,
East Devon District Council,40,Collection,305,5241.16,4183.116,1576.067,2600.764,367,66220,136374.0,9417.991,9424.276,,,,
East Hampshire District Council,40,Collection,201,6146.026108,3002.373891,542.824504,2397.669387,303,50580,117483.0,9086.52,9148.4,,,,
East Hertfordshire District Council,40,Collection,151,7067.72,7546.38,4505.54,3030.429,215,60070,143021.0,14603.688999999998,14614.1,,,,
East Lindsey District Council,40,Collection,66,7254.190704000001,7712.290295000001,4572.26,3140.030295,121,67150,137623.0,14966.481000000002,14966.481000000002,,,,
East Northamptonshire Council,40,Collection,115,3868.75,2971.9,995.78,1976.12,128,38520,88872.0,6840.65,6840.65,,,,
East Staffordshire Borough Council,40,Collection,37,6070.117587,6884.808412,4433.023307,2431.3851050000003,165,49730,115663.0,12932.186000000002,12954.926000000001,,,,
Eastbourne Borough Council,40,Collection,291,5929.978,3949.548,2166.126,1782.3020000000001,290,48200,101547.0,9879.526,9879.526,,,,
Eastleigh Borough Council,40,Collection,347,5905.432390999999,4400.667608,1956.68,2443.987608,302,53820,128877.0,10306.1,10306.1,,,,
Eden District Council,40,Collection,288,3064.79,2754.73,1588.3,1166.43,36,25790,52630.0,5819.52,5819.52,,,,
Elmbridge Borough Council,40,Collection,174,6138.463285,7148.658714,4114.507205,3013.091508,338,56540,132769.0,13266.062,13287.122,,,,
Enfield LB,40,Collection,270,20213.976574,12811.292425,6398.176248,6357.950893,248,123030,324574.0,32963.417,33025.269,,,,
Epping Forest Borough Council,40,Collection,148,5247.312,8410.549,4893.22,3500.6679999999997,200,55250,128777.0,13641.2,13657.861,,,,
Epsom and Ewell Borough Council,40,Collection,251,4294.26,3687.68,1878.42,1799.17,337,31530,78318.0,7974.21,7981.94,,,,
Erewash Borough Council,40,Collection,216,7053.336665000001,5550.176334000001,3620.88,1929.296334,100,50950,114048.0,12602.863000000001,12603.513,,,,
Exeter City Council,40,Collection,383,6304.704763000001,3290.607236,841.92,2415.087236,366,54400,124328.0,9561.752,9595.312,,,,
Fareham Borough Council,40,Collection,8,5995.44105,3251.965949,1264.36,1971.4059489999997,301,48580,114331.0,9231.211,9247.407,,,,
Fenland District Council,40,Collection,60,5144.719594,6047.650404999999,3933.8,2113.850405,189,43730,97732.0,11178.91,11192.37,,,,
Forest Heath District Council,40,Collection,135,3413.5410229999998,3562.2079759999997,1980.410448,1579.449527,232,29300,62812.0,6973.401,6975.749,,,,
Forest of Dean District Council,40,Collection,242,4023.79,4279.28,2954.4,1285.24,381,37300,83674.0,8260.98,8303.07,,,,
Fylde Borough Council,40,Collection,204,3524.098,5108.972,2719.87,2384.245,62,37470,77042.0,8627.053,8633.07,,,,
Gedling Borough Council,40,Collection,227,7394.604388,4373.107611,1705.79,2667.317611,136,51860,115638.0,11767.712,11767.712,,,,
Gloucester City Council,40,Collection,308,7129.05,4594.02,2646.52,1866.94,380,55670,125649.0,11642.51,11723.07,,,,
Gosport Borough Council,40,Collection,149,4618.800886999999,1329.059112,104.05283299999999,1225.0062779999998,300,36620,84287.0,5947.86,5947.86,,,,
Gravesham Borough Council,40,Collection,168,4917.75,2912.74,1363.27,1549.47,315,42380,105261.0,7830.49,7830.49,,,,
Great Yarmouth Borough Council,40,Collection,312,6104.052959000001,2814.88704,826.510305,1988.376735,223,47090,98172.0,8918.94,8918.94,,,,
Guildford Borough Council,40,Collection,393,4950.438418,7750.0555810000005,4261.748911,3488.3066700000004,336,56920,142958.0,12700.493999999999,12700.493999999999,,,,
Hackney LB,40,Collection,318,16490.245502,5353.759497,1340.73,3934.9724969999997,247,108720,263150.0,21772.787,21844.005,,,,
Hambleton District Council,40,Collection,279,3826.0190000000002,6060.701999999999,3814.1259999999997,2231.121,84,40250,89828.0,9871.662,9886.721,,,,
Hammersmith and Fulham LB,40,Collection,139,9807.217311,2896.772688,179.85,2697.8226879999997,270,85090,178365.0,12684.89,12703.99,,,,
Harborough District Council,40,Collection,100,3919.607856,6170.565143,3841.3709999999996,2307.678143,112,37350,88008.0,10067.39,10090.173,,,,
Haringey LB,40,Collection,395,13871.413278,8606.256721,2670.0474719999997,5790.923248,246,106510,267541.0,22332.4,22477.67,,,,
Harlow District Council,40,Collection,220,3580.3037649999997,2844.534234,869.01,1973.969234,199,36350,84564.0,6423.283,6424.838000000001,,,,
Harrogate Borough Council,40,Collection,86,8472.174,6818.371,3921.93,2868.9970000000003,83,70770,157267.0,15263.101,15290.545,,,,
Harrow LB,40,Collection,212,15321.988000000001,11410.562,6502.5,4908.062,263,88320,246011.0,26732.55,26732.55,,,,
Hart District Council,40,Collection,221,4776.205,3007.928,875.92,2128.305,299,37550,93325.0,7780.43,7784.133000000001,,,,
Hastings Borough Council,40,Collection,27,5456.556,2505.229,674.68,1830.549,289,42780,91093.0,7961.785,7961.785,,,,
Havant Borough Council,40,Collection,369,6672.226884000001,2973.8881149999997,800.843174,2173.0449399999998,298,53580,122210.0,9646.115,9646.115,,,,
Havering LB,40,Collection,41,17558.44,9177.348,4176.2,4948.018,241,102650,245974.0,26682.658,26735.787999999997,,,,
Hertsmere Borough Council,40,Collection,222,5813.109,4545.339,2600.5,1944.516,214,42270,102427.0,10353.755,10358.448,,,,
High Peak Borough Council,40,Collection,289,4740.104164,4750.275835,2473.922234,2236.2136,99,41100,91364.0,9450.24,9490.38,,,,
Hillingdon LB,40,Collection,285,13589.038206000001,10972.961793,5946.0,5026.961793,262,108510,292690.0,24562.0,24562.0,,,,
Hinckley and Bosworth Borough Council,40,Collection,169,5053.536,6711.5109999999995,4220.177,2457.111,111,48140,107722.0,11726.496000000001,11765.046999999999,,,,
Horsham District Council,40,Collection,411,7508.010722,6749.059276999999,3789.3360380000004,2920.433238,342,58470,134158.0,14201.98,14257.07,,,,
Hounslow LB,40,Collection,106,15861.81,8672.63,3389.58,5229.3,261,99120,265568.0,24487.25,24534.44,,,,
Huntingdonshire District Council,40,Collection,123,6997.45,11520.75,6977.68,4543.07,188,74590,173605.0,18513.06,18518.2,,,,
Hyndburn Borough Council,40,Collection,277,3953.16,2163.87,814.25,1345.57,61,36610,80208.0,6112.98,6117.03,,,,
Ipswich Borough Council,40,Collection,282,7719.016068000001,6125.783931,3234.878776,2823.215155,231,59890,134966.0,13777.11,13844.8,,,,
Islington LB,40,Collection,337,12859.507926999999,4818.988072,1238.398009,3545.0230619999998,245,105360,221030.0,17642.929,17678.496,,,,
Kettering Borough Council,40,Collection,185,4985.05,5598.725,3256.79,2341.935,127,42880,96945.0,10583.775,10583.775,,,,
Kings Lynn and West Norfolk Borough Council,40,Collection,329,7532.928147,6663.787852,3584.462408,3079.325443,222,71650,150026.0,14196.716,14196.716,,,,
Knowsley MBC,40,Collection,335,8678.247736,6134.322263,3091.904046,3042.418216,72,65690,146407.0,14812.57,14812.57,,,,
Lambeth LB,40,Collection,233,15311.735797,6495.414202,1745.3739329999999,4734.430268,268,137860,318216.0,21791.54,21807.15,,,,
Lancaster City Council,40,Collection,11,6669.724,6643.955,3706.2,2937.755,60,62710,141277.0,13313.678999999998,13313.678999999998,,,,
Lewes District Council,40,Collection,240,5775.446433,1136.429566,294.023169,842.4063970000001,288,44180,100229.0,6911.876,6911.876,,,,
Lichfield District Council,40,Collection,173,5144.004586,6785.158412999999,4028.19,2756.968413,164,43840,102093.0,11929.163,11929.163,,,,
Lincoln City Council,40,Collection,206,5838.613,3585.39,1952.1,1632.68,120,44430,96202.0,9423.393,9424.003,,,,
Liverpool City Council,40,Collection,412,30611.706413,14983.187586000002,6663.991999999999,8267.835586,71,218690,473073.0,45543.53400000001,45594.894,,,,
Maidstone Borough Council,40,Collection,309,7050.96,7743.63,4023.64,3719.99,314,67440,161819.0,14794.59,14794.59,,,,
Maldon District Council,40,Collection,368,3043.57,3239.883,2019.57,1220.313,198,27220,62767.0,6282.944,6283.453,,,,
Malvern Hills District Council,40,Collection,150,3734.7592090000003,2388.39079,681.392343,1706.998446,146,34450,75911.0,6123.15,6123.15,,,,
Manchester City Council MBC,40,Collection,39,29071.314049,15189.29595,8160.217845,6921.653104999999,49,222730,520215.0,44140.68,44260.61,,,,
Mansfield District Council,40,Collection,374,7363.0958359999995,4321.974163,2391.867699,1930.1064629999998,135,48270,105893.0,11685.07,11685.07,,,,
Melton Borough Council,40,Collection,388,2587.14,2745.9640000000004,1286.59,1440.046,110,22460,50969.0,5313.776,5333.104,,,,
Mendip District Council,40,Collection,264,5674.394489,4410.32251,1838.4,2526.51251,390,50230,110844.0,10038.545,10084.716999999999,,,,
Mid Devon District Council,40,Collection,127,4067.992,4100.21,2941.925,1158.285,365,34940,79198.0,8153.87,8168.201999999999,,,,
Mid Suffolk District Council,40,Collection,352,9366.192947,7969.212052,3416.3374259999996,4545.017626,230,82670,187966.0,17327.548,17335.405,,,,
Mid Sussex District Council,40,Collection,71,7017.3,4966.55,1784.37,3182.18,341,60650,144377.0,11983.85,11983.85,,,,
Mole Valley District Council,40,Collection,54,3186.42,5529.26,2862.16,2658.95,335,37390,86234.0,8715.68,8715.68,,,,
New Forest District Council,40,Collection,30,10203.855659,4634.55434,953.5475130000001,3681.006826,297,80690,178907.0,14838.41,14838.41,,,,
Newark and Sherwood District Council,40,Collection,35,7874.575948999999,3288.00405,882.906874,2405.097175,134,52320,117758.0,11162.58,11162.58,,,,
Newcastle-under-Lyme Borough Council,40,Collection,250,5974.704000000001,7204.036,5129.19,2074.846,163,55280,126052.0,13178.74,13178.74,,,,
Newham LB,40,Collection,121,24892.600016999997,5006.229982,970.98,3993.169982,240,109690,324322.0,29857.15,29898.83,,,,
North Devon District Council,40,Collection,109,5593.6522700000005,4840.35873,3208.914,1631.4447300000002,364,44340,94059.0,10403.511,10434.011,,,,
North East Derbyshire District Council,40,Collection,25,5247.409000000001,6235.971,3667.9,2563.038,98,44620,99352.0,11483.38,11483.38,,,,
North Hertfordshire District Council,40,Collection,370,5340.250992,7921.309006999999,4788.94,3128.138007,213,56330,131046.0,13257.33,13261.56,,,,
North Kesteven District Council,40,Collection,278,6364.244368,6184.876631,3854.02,2330.8566309999997,119,49030,111046.0,12549.121000000001,12549.121000000001,,,,
North Norfolk District Council,40,Collection,389,5852.092818,4275.045181,2151.695012,2123.3501690000003,221,53380,102867.0,10127.138,10127.138,,,,
North Warwickshire Borough Council,40,Collection,284,3636.36,3904.43,2605.26,1299.17,172,27340,62468.0,7533.39,7540.79,,,,
North West Leicestershire District Council,40,Collection,113,5390.38563,5874.146369,3859.599031,1982.1163370000002,109,41850,95882.0,11231.579,11264.532,,,,
Northampton Borough Council,40,Collection,330,11880.219129000001,9351.720870000001,5607.63,3735.7308700000003,126,94390,219495.0,21223.58,21231.94,,,,
Norwich City Council,40,Collection,114,6585.366751,4022.5832479999995,1545.0163630000002,2477.566884,220,64890,137472.0,10607.95,10607.95,,,,
Nuneaton and Bedworth Borough Council,40,Collection,353,6752.694,6609.22,4274.814,1684.997,171,55210,126174.0,13361.913999999999,13361.913999999999,,,,
Oadby and Wigston Borough Council,40,Collection,183,1894.710119,2179.16588,1268.25893,899.918949,108,22890,55928.0,4062.83,4073.8759999999997,,,,
Oldham MBC,40,Collection,104,12042.369749,7769.17025,4197.04,3572.13025,48,95030,228765.0,19811.54,19811.54,,,,
Oxford City Council,40,Collection,116,6418.483064,5341.446935,2013.6134120000002,3327.8335230000002,325,59660,157997.0,11759.93,11759.93,,,,
Pendle Borough Council,40,Collection,83,5340.75,3168.06,1174.11,1954.09,59,39860,89840.0,8468.95,8508.81,,,,
Preston City Council,40,Collection,223,7804.222623999999,5742.448375,2647.56,3040.118375,58,60960,140452.0,13491.901000000002,13546.671,,,,
Redbridge LB,40,Collection,362,18979.217528,8781.382470999999,4637.804215,4078.3782560000004,239,102220,293055.0,27695.7,27760.6,,,,
Redditch Borough Council,40,Collection,259,5104.286128,2170.116871,108.13331399999998,2035.1305559999998,145,35820,84471.0,7247.553000000001,7274.403,,,,
Reigate and Banstead Borough Council,40,Collection,188,6821.83395,6040.726049,3637.298551,2379.627497,334,59050,143094.0,12838.77,12862.56,,,,
Ribble Valley Borough Council,40,Collection,294,3470.219369,2412.26363,1255.82,1156.44363,57,25530,58091.0,5882.483,5882.483,,,,
Richmond upon Thames LB,40,Collection,192,11030.416822,7940.374177,3075.019114,4715.315062,260,83080,193585.0,18816.711,18970.791,,,,
Richmondshire District Council,40,Collection,85,1929.751584,2887.332415,1331.473541,1545.412873,82,22910,52729.0,4806.638,4817.084,,,,
Rochdale MBC,40,Collection,253,11373.063999999998,6969.196,3584.495,3384.7009999999996,47,92100,212962.0,18342.26,18342.26,,,,
Rochford District Council,40,Collection,28,2976.591,6212.7880000000005,4126.5,2041.4589999999998,197,35170,84776.0,9144.373,9189.379,,,,
Rossendale Borough Council,40,Collection,33,4133.091075,2222.272924,923.57,1298.702924,56,31390,69168.0,6355.3640000000005,6355.3640000000005,,,,
Rother District Council,40,Collection,307,4670.36,4725.733,2443.999,2241.474,287,44260,92130.0,9396.093,9396.093,,,,
Royal Borough of Kensington and Chelsea,40,Collection,176,9991.967555,3565.462444,348.26,3215.832444,269,88150,156190.0,13556.06,13557.43,,,,
Rugby Borough Council,40,Collection,89,5486.878274000001,6224.691725,4030.88,2189.471725,170,44810,102500.0,11706.27,11711.57,,,,
Runnymede Borough Council,40,Collection,266,3797.0617469999997,2982.238252,1239.977591,1742.260661,333,34840,84584.0,6779.3,6779.3,,,,
Rushcliffe Borough Council,40,Collection,249,5681.621084,6542.368915,4069.9200920000003,2463.498822,132,48300,113670.0,12212.1,12223.99,,,,
Rushmoor Borough Council,40,Collection,243,5745.413586,2175.976413,669.193828,1459.652585,296,39060,95296.0,7873.31,7921.39,,,,
Ryedale District Council,40,Collection,390,2911.74,2944.62,1791.95,1152.67,81,25000,52655.0,5856.36,5856.36,,,,
Salford City Council MBC,40,Collection,315,12630.0,9310.0,4852.0,4458.0,46,112540,242040.0,21940.0,21940.0,,,,
Scarborough Borough Council,40,Collection,295,7193.48,5381.17,2758.6,2622.57,80,56430,108006.0,12574.65,12574.65,,,,
Sedgemoor District Council,40,Collection,332,5234.702173,5107.038826,2422.37,2632.128826,389,53240,119057.0,10288.908000000001,10341.741,,,,
Sefton MBC,40,Collection,210,16181.499096000001,12362.070903,6517.84,5713.970903,70,126150,273531.0,28413.3,28543.57,,,,
Selby District Council,40,Collection,225,5317.9,4765.5,3302.12,1458.77,79,37420,85355.0,10078.79,10083.4,,,,
Sevenoaks District Council,40,Collection,112,7240.743,3809.717,1593.35,2164.299,312,49130,117811.0,10998.393,11050.46,,,,
Shepway District Council,40,Collection,182,5207.32,4658.25,2287.72,2370.53,311,49660,109452.0,9865.57,9865.57,,,,
South Bucks District Council,40,Collection,215,2854.249227,3158.973772,1530.040118,1612.8736529999999,281,28360,68512.0,5997.1630000000005,6013.223000000001,,,,
South Cambridgeshire District Council,40,Collection,341,6209.305397,10309.973602,6407.164385,3902.8092159999997,186,64320,153281.0,16513.019,16519.279,,,,
South Derbyshire District Council,40,Collection,96,5278.734326,5795.565673,4042.11,1742.845673,97,41150,98374.0,11063.69,11074.3,,,,
South Hams District Council,40,Collection,323,4050.35,5007.29,3073.94,1859.86,362,43210,84108.0,8982.83,9057.64,,,,
South Holland District Council,40,Collection,12,5420.1904700000005,2193.460529,96.96,2096.500529,118,39450,90419.0,7613.651,7613.651,,,,
South Kesteven District Council,40,Collection,84,7562.552428,6935.6475709999995,3600.72,3334.927571,117,61890,137981.0,14498.2,14498.2,,,,
South Lakeland District Council,40,Collection,366,6081.53,5519.23,3421.96,2097.27,35,52610,103271.0,11600.76,11600.76,,,,
South Norfolk Council,40,Collection,184,6597.618017,5758.867982,2746.280913,3012.587068,219,57770,129226.0,12356.486,12356.486,,,,
South Northamptonshire District Council,40,Collection,408,3982.363062,6933.049937000001,4487.390414,2445.6595230000003,125,37310,88164.0,10915.413,10915.413,,,,
South Oxfordshire District Council,40,Collection,263,4074.208,9351.28,4879.63,4381.17,324,58480,137015.0,13334.54,13425.488000000001,,,,
South Ribble Borough Council,40,Collection,99,5579.378424,6220.531575,3830.428594,2373.9429809999997,55,48420,109077.0,11785.2,11799.91,,,,
South Somerset District Council,40,Collection,281,7607.287231,6597.597768,2828.08,3701.537768,388,75260,164569.0,14136.403,14204.885,,,,
South Staffordshire Council,40,Collection,53,5345.38,7422.0,4736.36,2682.82,162,46320,110692.0,12764.56,12767.38,,,,
Spelthorne Borough Council,40,Collection,410,4602.752982,4058.887017,1683.580663,2347.4463530000003,332,41650,98106.0,8632.99,8661.64,,,,
St Albans City and District Council,40,Collection,31,6069.406921,7590.393078,4487.8647789999995,3095.658298,212,59450,144834.0,13652.93,13659.8,,,,
St Edmundsbury Borough Council,40,Collection,88,5554.415803,6874.340195999999,4066.9196079999997,2802.7095879999997,229,47690,112073.0,12424.045,12428.756000000001,,,,
St Helens MBC,40,Collection,137,10390.58,7985.68,4563.2,3422.48,69,81140,177188.0,18376.26,18376.26,,,,
Stafford Borough Council,40,Collection,392,6298.83,8520.24,5077.9,3442.295,161,57290,132241.0,14819.025,14819.07,,,,
Staffordshire Moorlands District Council,40,Collection,187,4223.052542,6303.787457,4012.441382,2276.776075,160,43470,97763.0,10512.27,10526.84,,,,
Stevenage Borough Council,40,Collection,167,4839.163651,3665.7953479999996,2093.702914,1561.387433,211,36290,85997.0,8494.254,8504.959,,,,
Stockport MBC,40,Collection,56,10153.651,17331.779,11149.84,6175.705,45,126940,286755.0,27478.83,27485.43,,,,
Stratford-on-Avon District Council,40,Collection,159,5327.649636,9868.901362999999,6472.3330000000005,3396.5683630000003,169,55550,121056.0,15196.471000000001,15196.551000000001,,,,
Stroud District Council,40,Collection,47,6649.041,2897.2790000000005,44.16,2705.58,379,51620,115093.0,9398.81,9546.32,,,,
Suffolk Coastal District Council,40,Collection,158,5211.9237840000005,8049.706215,4408.5189439999995,3623.94727,228,59090,124776.0,13240.63,13261.63,,,,
Surrey Heath Borough Council,40,Collection,70,2536.824,4836.7,2309.92,2526.78,331,35500,87533.0,7346.3240000000005,7373.524,,,,
Swale Borough Council,40,Collection,327,7659.22,5220.65,2039.86,3180.79,310,61180,140836.0,12879.87,12879.87,,,,
Tameside MBC,40,Collection,118,10020.094000000001,8699.346,4555.17,4144.1759999999995,44,100700,220771.0,18719.44,18719.44,,,,
Tamworth Borough Council,40,Collection,409,4216.019156,3881.893843,2083.41,1798.483843,159,32090,77112.0,8097.9130000000005,8097.9130000000005,,,,
Tandridge District Council,40,Collection,208,3390.402,4243.168,1831.68,2394.098,330,35740,85374.0,7616.18,7633.57,,,,
Taunton Deane Borough Council,40,Collection,68,4535.3590810000005,4949.445918,2399.74,2508.235918,387,51410,112817.0,9443.163,9484.805,,,,
Teignbridge District Council,40,Collection,400,5506.380999999999,6783.861,4666.098,2031.158,361,60030,127357.0,12203.636999999999,12290.242,,,,
Tendring District Council,40,Collection,241,8755.271999999999,3129.9840000000004,876.7,2142.6020000000003,196,68630,139916.0,11774.573999999999,11885.256000000001,,,,
Test Valley Borough Council,40,Collection,48,6768.744606,3448.526393,1097.5448939999999,2350.981498,295,51380,119332.0,10217.271,10217.271,,,,
Tewkesbury Borough Council,40,Collection,111,4256.405,4588.435,2529.49,2027.481,378,38440,85784.0,8811.39,8844.84,,,,
Thanet District Council,40,Collection,405,7880.96,3890.37,1652.18,2238.19,309,66310,138410.0,11771.33,11771.33,,,,
Three Rivers District Council,40,Collection,245,3692.8412770000004,5392.745722,3142.598726,2242.532996,210,37000,90423.0,9077.973,9085.587,,,,
Tonbridge and Malling Borough Council,40,Collection,132,7157.39,6294.6,4700.87,1593.73,308,51560,124426.0,13451.99,13451.99,,,,
Torridge District Council,40,Collection,344,3840.413,3358.192,2118.734,1232.46,359,31480,65618.0,7191.607,7198.605,,,,
Trafford MBC,40,Collection,268,8139.53,14112.39,9166.54,4945.85,43,97410,232458.0,22251.92,22251.92,,,,
Tunbridge Wells Borough Council,40,Collection,203,6335.178000000001,6111.842,3876.98,2233.362,307,47980,116105.0,12445.52,12447.02,,,,
Uttlesford District Council,40,Collection,46,3651.855,3771.0409999999997,1569.19,2201.851,195,34610,84042.0,7422.896,7422.896,,,,
Vale of White Horse District Council,40,Collection,331,3676.6209999999996,7463.262,3773.61,3645.49,323,52920,124852.0,11095.44,11139.883,,,,
Waltham Forest LB,40,Collection,319,16428.822003999998,10060.265995,3808.8462759999998,6119.259719,244,101090,268020.0,26356.928,26489.088,,,,
Wandsworth LB,40,Collection,140,19071.212035,5144.737964,301.33,4822.257964,267,138820,312145.0,24194.8,24215.95,,,,
Warwick District Council,40,Collection,298,5618.11,8069.55,5265.07,2804.48,168,61120,139396.0,13687.66,13687.66,,,,
Watford Borough Council,40,Collection,386,4901.380084,3773.269915,1955.2824510000003,1814.8774640000001,209,38480,95505.0,8671.54,8674.65,,,,
Waveney District Council,40,Collection,297,6329.931708,7462.8892909999995,4534.634411999999,2918.314878,227,55530,115919.0,13782.878,13792.821000000002,,,,
Waverley Borough Council,40,Collection,283,4238.697539,6270.21246,2604.8436030000003,3646.7588560000004,329,51940,122860.0,10489.46,10508.91,,,,
Wealden District Council,40,Collection,45,7542.638000000001,8560.431999999999,4874.32,3678.309,286,67420,154767.0,16095.267,16103.07,,,,
Wellingborough Borough Council,40,Collection,133,4645.533977,3782.278022,2137.6311760000003,1644.646845,124,33880,76446.0,8427.812,8427.812,,,,
Welwyn Hatfield Council,40,Collection,49,5960.507522,5828.365477,3634.330761,2194.034715,208,46880,116024.0,11777.823,11788.873,,,,
West Devon Borough Council,40,Collection,4,2072.071,2858.663,1662.325,1167.14,358,25140,54260.0,4901.536,4930.734,,,,
West Lancashire Borough Council,40,Collection,247,6113.071704999999,6156.052294,3718.897018,2415.004275,54,48410,111940.0,12246.973,12269.124,,,,
West Lindsey District Council,40,Collection,224,4993.158886,6743.622112999999,4714.342372,2026.579741,116,41910,91787.0,11734.081,11736.781,,,,
West Oxfordshire District Council,40,Collection,67,4376.821857,7832.395142,4825.92546,3006.469682,322,46610,108158.0,12209.216999999999,12209.216999999999,,,,
West Somerset District Council,40,Collection,134,1573.4912570000001,1563.455742,527.94,1022.955742,386,17830,34322.0,3124.377,3136.947,,,,
Winchester City Council,40,Collection,181,5852.189463000001,3697.850536,1578.176913,2060.663623,294,50620,119218.0,9491.03,9550.04,,,,
Wirral MBC,40,Collection,355,19131.594576,12060.684423,4228.823433,7831.860990000001,68,146940,320914.0,31192.279,31192.279,,,,
Woking Borough Council,40,Collection,16,3629.730419,5769.02258,2798.33,2926.91258,328,41560,99426.0,9355.332,9398.753,,,,
Worcester City Council,40,Collection,64,4881.659039,3156.87096,658.23696,2480.67,143,44430,100842.0,8020.56,8038.53,,,,
Worthing Borough Council,40,Collection,209,6163.427378,3796.272621,1699.1,2097.172621,340,48870,106863.0,9959.7,9959.7,,,,
Wychavon District Council,40,Collection,131,6270.763243,5216.486756,2017.087756,3182.302,142,53660,119752.0,11470.15,11487.25,,,,
Wycombe District Council,40,Collection,163,11714.833831,14211.677168,7897.92148,6269.409640999999,280,109480,267084.0,25903.951,25926.511000000002,,,,
Wyre Borough Council,40,Collection,310,4979.204000000001,6776.469,3881.57,2817.554,53,51070,108742.0,11678.32,11755.673,,,,
Wyre Forest District Council,40,Collection,276,6491.1237280000005,3029.4062710000003,697.5184820000001,2331.887788,141,46030,98960.0,9520.53,9520.53,,,,
Barnsley MBC,40,Unitary,40,13727.472,14186.213,30865.465,3953.57,90,108090,8217.57,5968.643,27913.685,9052.492,3953.57,27913.685,237843.0
Bath and North East Somerset Council,40,Unitary,95,8883.139293,11007.790706,23539.52,4018.02,349,78600,5045.226076,5905.914629999999,19890.93,2130.320079,3631.4356770000004,19831.1,182021.0
Bedford,40,Unitary,520,12144.495939,8493.384059999998,22868.11,10493.86,707,70360,4629.52,3835.52406,20637.88,2200.0764059999997,9147.693935,20608.54,163924.0
Bexley LB,40,Unitary,73,11334.845844,15031.294155000001,33982.14,72.0,235,96430,7141.740506,7877.553648,26366.14,11872.80787,9.518987,26314.14,239865.0
Birmingham City Council,40,Unitary,255,77904.587165,27487.062833999997,135405.15,20400.2,180,432550,12682.33,14790.852834000001,105391.65,60823.159411,15593.947494,105344.75,1101360.0
Blackburn with Darwen Borough Council,40,Unitary,205,9479.184623000001,5536.475375999999,17191.78,11488.87,66,60480,1984.876593,3523.438782,15015.66,0.0,9479.184623000001,14987.5,146743.0
Blackpool Borough Council,40,Unitary,153,7542.02,9584.59,19107.99,2292.97,65,71060,3636.55,5885.746,17126.61,4281.77,2292.97,17062.756,140501.0
Bournemouth Borough Council,40,Unitary,5,11107.433178,12250.776821,26215.56,4013.23,370,88660,7063.880962,5095.645858,23358.21,6199.687108,3706.9934399999997,23255.58,191390.0
Bracknell Forest Borough Council,40,Unitary,272,8284.91,5566.18,14679.73,2959.53,277,48110,2610.22,2749.54,13851.09,5366.737678,2915.37247,13640.4,118025.0
Bradford City MDC (MBC),40,Unitary,357,26629.039538,26609.030461000002,60567.77,8763.51,94,212300,15655.853974000001,10834.635486,53238.07,18984.699206999998,7692.177715999999,53087.57,528155.0
Brighton and Hove Council,40,Unitary,219,20189.983,6912.818,27934.841,743.28,285,127850,1327.11,5310.818,27102.801,19459.926412,742.950067,26820.951,281076.0
Bristol City Council,40,Unitary,397,24097.98,18746.15,46498.11,13272.7,350,194650,8240.16,10493.29,42844.13,10642.04,13272.7,42802.09,442474.0
Bromley LB,40,Unitary,120,15582.583292,16299.766706999999,38160.47,15046.06,259,137710,7622.189133,8677.577573,31882.35,4789.432279,11375.821000000002,31871.97,321278.0
Calderdale MBC,40,Unitary,18,10414.06,10455.22,22382.43,4922.91,95,93940,3568.82,6886.4,20869.28,5491.15,4922.91,20865.8,207376.0
Central Bedfordshire,40,Unitary,521,16683.450177000002,14995.069822,34001.54,7901.41,706,113420,7710.967769,7284.1020530000005,31678.52,8264.780745,7821.027009,31678.52,269076.0
Cheshire East,40,Unitary,523,19498.609157,30632.440842,54467.77,12178.21,703,168370,15778.023706,14527.727135,50131.05,8023.41927,11940.682590999999,49794.0,374179.0
Cheshire West and Chester,40,Unitary,524,15964.991336000001,27831.351663,47450.367,2295.139,704,150790,15455.924181,12155.643482,43796.343,13668.070263,2279.514079,43559.153,332210.0
City of London,40,Unitary,175,654.481796,268.988203,968.5,0.0,237,6790,42.608203,226.38,923.47,674.161796,0.0,923.47,8072.0
Cornwall,40,Unitary,519,42304.139,24817.556,67966.302,42376.129,708,262380,9965.16,14852.396,67121.695,27.1,42376.129,67099.175,545335.0
Council of the Isles of Scilly,40,Unitary,399,213.09,59.2,836.84,409.89,348,1200,0.0,26.83,272.29,0.0,213.058977,239.74,2280.0
County Durham,40,Unitary,526,33711.986117,26173.433881999998,66409.62,2368.29,701,239210,9994.148963,15886.194918000001,59885.42,33407.777619,2350.144855,59592.26,517773.0
Coventry City Council,40,Unitary,317,22013.648342,12121.671656999999,42917.38,3336.79,179,138020,6421.864867,5685.726789,34135.32,20543.390118,2107.9278329999997,34099.26,337428.0
Croydon LB,40,Unitary,191,22521.538127,17461.470872,43506.569,22194.8,258,150660,9075.580568000001,8385.890304,39983.009,971.613928,21614.926646,39983.009,376040.0
Darlington Borough Council,40,Unitary,180,6666.324452000001,4504.275547,13750.4,4411.541,5,49290,1191.338918,3277.919629,11170.6,1346.4977609999999,3947.11722,11134.118999999999,105367.0
Derby City Council,40,Unitary,77,18392.459891,9560.390108,31808.46,14993.15,96,108130,3371.21,6183.600108,27952.85,5870.164917,12106.43656,27844.62,252463.0
Doncaster MBC,40,Unitary,105,20241.583035,18566.596964,44750.5,12569.24,89,133130,10816.469018000002,7665.287945,38808.18,4056.5337200000004,10963.36608,38702.66,304185.0
Dorset Waste Partnership,40,Unitary,541,20932.64734,31995.012658999996,59114.55,14101.46,710,197720,17610.468791,13856.483866999999,52927.66,8371.496721,11562.507639,52378.43,418269.0
Dudley MBC,40,Unitary,57,18761.010309,16915.89269,39511.723,1655.295,178,136000,10076.381546999999,6747.746143,35676.903,17205.511285,1450.470947,35585.138,315799.0
East Riding of Yorkshire Council,40,Unitary,81,15085.374633000001,32008.388366000003,53829.633,511.54,74,152420,19163.771625,12839.407676,47093.763,13195.048084999999,505.197624,47063.013,337115.0
Gateshead MBC,40,Unitary,138,14445.70157,8464.138429,25749.15,848.24,25,92560,3401.31,4900.088429,22909.84,14333.638719999999,83.81,22745.53,200505.0
Greenwich LB,40,Unitary,92,17578.971278,10599.617720999999,30331.418999999998,2465.46,254,108780,4767.433088000001,5831.345633,28178.589,15791.763015999999,2340.765364,28176.33,268678.0
Halton Borough Council,40,Unitary,61,8349.344055,6693.975944,16383.9,1116.4,29,55430,2728.29329,3950.475983,15043.32,7228.772995,1115.8524949999999,15038.92,126354.0
Hartlepool Borough Council,40,Unitary,124,6458.533275,4506.906724,12515.95,2539.12,4,42870,1864.9443469999999,2641.962377,10965.44,4250.110715999999,2285.1290719999997,10965.44,92590.0
Herefordshire Council,40,Unitary,348,12107.246428,8546.544570999999,23792.001,12614.6,148,83330,2723.833211,5790.04536,20653.791,408.94434,11680.56549,20608.761000000002,187160.0
Isle of Wight Council,40,Unitary,246,10202.0,9158.0,20823.0,6061.0,306,69760,5210.0,3900.0,19360.0,4158.0,6061.0,19308.0,139105.0
Kingston-upon-Hull City Council,40,Unitary,326,13882.999263,14569.190736000002,33687.29,2096.07,75,118220,6750.650781,7818.539954000001,28452.19,11859.075347,1777.54681,28437.29,257710.0
Kirklees MBC,40,Unitary,162,31917.465858,13194.624141,55014.07,10169.84,92,182670,4985.6532,8141.330940999999,45112.09,21738.06667,8555.036285,44997.19,431020.0
Leeds City Council MBC,40,Unitary,231,47023.831003,35793.484996,88982.974,30488.853,91,343710,18099.201,17206.377996,82817.31599999999,22275.127,29247.821427999996,82329.409,766399.0
Leicester City Council,40,Unitary,311,18825.307342,12469.692657,34072.0,7895.0,107,132370,6288.085906,6154.60675,31295.0,10636.563897,7638.404845999999,31256.0,337653.0
Lewisham LB,40,Unitary,58,22514.413414,4663.166585,32804.97,232.71,253,122130,258.54,4358.5665850000005,27177.58,22291.874584,207.83233,27124.64,291933.0
Luton Borough Council,40,Unitary,1,14045.471022,8415.038977,25843.1,11459.06,181,78810,3310.6,4684.458977,22460.51,3917.8794380000004,9734.055769,22040.53,210962.0
Medway Borough Council,40,Unitary,10,17604.813122,16531.726877,36645.7,9052.52,313,113040,8154.71,8349.816877,34136.54,7886.441654000001,8988.197640999999,34092.73,274015.0
Merton LB,40,Unitary,302,11792.027931,7163.9520680000005,22227.04,12833.66,256,82820,2169.729779,4994.222288,18955.98,705.911367,11000.378340000001,18955.98,203515.0
Middlesbrough Borough Council,40,Unitary,342,9272.54737,6462.911629,19523.471,3804.921,3,61700,2788.166775,3671.7658530000003,15735.458999999999,5473.178801,3793.4859969999998,15732.48,139119.0
Milton Keynes Council,40,Unitary,22,15952.056402000002,18164.443597,36857.55,9670.83,279,107200,9335.92,8607.743597,34116.5,6923.103434000001,9092.562001,33886.12,259245.0
Newcastle-upon-Tyne City Council MBC,40,Unitary,211,17174.619811,11985.660188,36974.28,15409.53,24,126530,5249.15,6463.460188,29160.28,8211.674489,9921.366958,28887.18,289835.0
North East Lincolnshire Council,40,Unitary,32,13307.264627,7005.586372,21140.463,3492.4179999999997,76,72760,4128.314,2877.272372,20312.851000000002,9971.613359,3349.327391,20308.111,159804.0
North Lincolnshire Council,40,Unitary,387,11097.70573,12637.493269,26334.431,11896.41,77,74330,6642.394203,5926.597065999999,23735.199,202.504604,10826.796677,23645.256,169247.0
North Somerset Council,40,Unitary,59,10765.26,16876.2,29041.26,5651.64,385,93820,8412.34,8276.28,27641.46,5060.92,5651.64,27449.86,208154.0
North Tyneside Council,40,Unitary,356,14876.770756,9967.499243,28200.19,2131.08,23,95590,4352.339591,5604.169651,24844.27,12964.279632,1937.241784,24833.89,202744.0
Northumberland,40,Unitary,525,23536.312275,16499.187724,44211.8,2677.7,702,148930,7721.058792,8535.828931,40035.5,21022.893749000003,2488.559726,39793.2,315987.0
Nottingham City Council,40,Unitary,262,19190.943709,11200.766290000001,43323.03,1804.81,133,134140,5663.338328,5537.427962,30391.71,17519.779137,1245.267535,30390.79,314268.0
Peterborough City Council,40,Unitary,145,12076.973,10552.117,24227.41,13371.52,187,81190,4524.58,5513.637,22629.09,37.57,13371.52,22104.73,190461.0
Plymouth City Council,40,Unitary,217,18367.444811,10303.635188,33857.36,6659.66,363,116970,3503.5,6725.125187999999,28671.08,12207.24,6008.158579999999,28572.15,261546.0
Poole Borough Council,40,Unitary,290,9293.301626,9056.898373,21076.12,5233.95,369,67640,4034.0180200000004,4928.160353,18350.2,4152.928256,4372.336386999999,18249.84,150109.0
Portsmouth City Council,40,Unitary,166,15541.033141,5445.076857999999,22014.18,1434.41,293,89510,1716.837141,3509.999717,20986.11,14123.443505000001,1421.2717289999998,20767.87,209085.0
Reading Borough Council,40,Unitary,75,10806.26,6047.82,19342.0,4006.28,275,68670,2510.44,3203.66,16854.08,7354.09703,3445.1529689999998,16513.36,160825.0
Redcar and Cleveland Borough Council,40,Unitary,322,7857.933000000001,7559.834,19203.517,172.84,2,63000,3402.36,4157.474,15417.767,7686.732,172.84,15417.767,135042.0
Rotherham MBC,40,Unitary,254,17563.337525,14477.685474000002,34481.131,3447.363,88,115230,8615.996603,5853.7138700000005,32041.022999999997,9680.591434,3313.1792800000003,32027.287999999997,260070.0
Royal Borough of Kingston upon Thames ,40,Unitary,414,8408.432403,7841.791595999999,17430.18,1980.033,257,65970,2941.42,4475.0305960000005,16250.223999999998,6517.4401609999995,1941.105739,15817.926000000001,169958.0
Rutland County Council,40,Unitary,328,1968.0565920000001,3492.043407,5858.46,0.0,106,16530,1977.91,1496.563407,5460.1,1963.85,0.0,5442.53,38022.0
Sandwell MBC,40,Unitary,119,18600.433164,15784.466835,38061.69,1884.84,177,130270,7234.988565000001,8480.448269,34384.9,16855.400152000002,1629.055061,34312.29,316719.0
Sheffield City Council,40,Unitary,316,37847.347222000004,14919.152777000001,56311.4,4000.4,87,241450,3349.452777,11431.4,52766.5,36658.9,628.9,52606.4,563749.0
Shropshire,40,Unitary,522,16468.343651,26137.927347999997,45075.490999999995,4594.54,705,137290,13846.99,12189.417348,42606.27099999999,14774.874597,4204.324662,42467.691,310121.0
Slough Borough Council,40,Unitary,143,9265.41135,4222.168649,14940.98,48.4,274,51720,1621.602901,2600.565747,13487.58,9330.335095999999,43.104903,13487.58,144575.0
Solihull MBC,40,Unitary,269,12938.077,12750.75,27110.857000000004,2101.299,176,89770,7453.62,5265.19,25688.827,10847.258999999998,2090.819,25658.367000000002,209890.0
South Gloucestershire Council,40,Unitary,235,16587.34,16404.39,34722.93,4824.45,392,113080,9269.3,6870.02,32991.73,10754.91,4824.45,32933.23,271556.0
South Tyneside MBC,40,Unitary,17,10552.268933,7745.151065999999,21396.02,143.3,22,70570,3303.2,4402.551066,18297.42,10371.793529,140.3,18258.02,148740.0
Southampton City Council,40,Unitary,385,18247.492616,7718.6473829999995,29914.51,5661.48,292,103560,2872.626812,4574.110571,25966.14,13266.042657,4920.2645840000005,25685.61,245290.0
Southend-on-Sea Borough Council,40,Unitary,63,9657.0,10175.0,20648.0,9711.0,194,79610,4728.0,5447.0,19832.0,0.0,9711.0,19832.0,177931.0
Southwark LB,40,Unitary,20,18116.186824,9921.384175,29982.726000000002,446.825,252,132630,2647.1020000000003,7204.480175,28037.571,13985.908003999999,446.786195,27967.087000000003,302538.0
Stockton-on-Tees Borough Council,40,Unitary,125,15302.23,6497.45,27442.63,6765.56,1,84470,2861.86,3631.99,21799.68,9017.606793,6015.58,21796.04,194119.0
Stoke-on-Trent City Council,40,Unitary,265,16694.746868000002,12119.318131,32703.045,1451.5539999999999,158,114150,6674.224785,5424.903345000001,28814.065,15987.695422,1286.014177,28793.875,251027.0
Sunderland City Council,40,Unitary,161,21783.719907,11500.610092,36576.16,1024.58,21,126320,5429.832602,5945.608474000001,33284.33,20745.43,959.4362970000001,33149.92,276889.0
Sutton LB,40,Unitary,256,12398.459882,7407.135117,22330.255,12789.925,255,81350,2374.74,5028.655117,19805.595,997.4306949999999,11338.925,19801.855,198134.0
Swindon Borough Council,40,Unitary,377,17276.9,9541.24,29778.09,6490.02,393,93060,2940.16,6595.84,26818.14,11473.145591,5803.988061999999,26767.07,215799.0
Telford and Wrekin Council,40,Unitary,52,10639.043925,11477.566074,23519.76,11057.42,151,72020,5986.157607,5405.7984670000005,22116.61,308.25,10732.108304000001,22021.02,169440.0
Thurrock Council,40,Unitary,200,11649.396,9080.048,21724.564,6866.38,193,65450,4381.26,4327.028,20729.444,4921.996,6683.255964,20357.683999999997,163270.0
Torbay Council,40,Unitary,367,8748.98,6942.28,17971.61,3437.3,360,65910,2909.45,4016.18,15691.26,5928.51,2894.4,15669.83,132984.0
Tower Hamlets LB,40,Unitary,93,13363.015566,5055.054433,28480.17,808.47,236,119440,431.24256399999996,4552.311869,18418.07,14133.299186000002,687.228378,18346.39,284015.0
Wakefield City MDC,40,Unitary,378,22207.797553,17372.562446,45456.81,27028.12,93,149780,8671.610923,8623.300014,39580.36,0.0,21780.970418,39484.86,331379.0
Walsall MBC,40,Unitary,336,15950.028298,14905.791700999998,33726.76,1858.54,175,113180,7972.125652,6876.8960480000005,30855.82,14214.112197999999,1677.810125,30793.45,274173.0
Warrington Borough Council,40,Unitary,196,11356.631255,14081.140744,26615.522,368.93,26,91050,7245.663748999999,6695.101994,25437.772,10339.784468,273.922105,25297.397,206428.0
West Berkshire District Council,40,Unitary,340,9896.532032,12318.807967,23608.59,4997.94,276,66440,6926.403226,5340.144741,22215.34,4658.186842,4958.7687399999995,22158.09,155732.0
Westminster City Council,40,Unitary,380,19064.224376,3917.3456229999997,47798.29,1315.17,238,123650,0.26,3829.455623,22981.57,18470.938922,586.57,22893.94,233292.0
Wigan MBC,40,Unitary,334,19319.310556,16832.449443,39125.82,1418.21,42,141580,7775.49,9017.479443,36151.76,17781.383233,1399.640559,36098.68,320975.0
Wiltshire,40,Unitary,518,29736.766052,31035.863947,70708.38,15243.99,709,210240,14840.203682,15302.390265,60772.63,17447.777675999998,12564.270384,59847.18,483143.0
Windsor and Maidenhead Borough Council,40,Unitary,287,9146.826,8701.354,18432.88,8845.26,273,62580,3631.09,5070.264,17848.18,866.07,8845.26,17839.26,147400.0
Wokingham Council,40,Unitary,363,11439.02,7981.48,20912.87,2098.39,272,64140,3652.02,3785.56,19420.5,9339.478946,2087.6410530000003,18864.99,159097.0
Wolverhampton MBC,40,Unitary,72,17417.899774,13120.190225,35302.55,3642.4,174,107560,9163.174535,3957.0156899999997,30538.09,13470.117149000002,3172.237436,30536.09,252987.0
York City Council,40,Unitary,50,12427.175991,11648.296008,26270.752,14035.74,78,87080,6292.451,5098.807008,24075.472,0.0,12462.65,23805.132,204439.0
