Name,Glass,Paper & Card,Metal,Plastic,Organic,Wood,WEEE,Batteries,Tyres,Soil,Plasterboard,Oil,Other Materials,Textiles,Co-mingled,Furniture,Composite,Rubble,Paint
Luton Borough Council,452.84,97.92,214.66,53.02,1566.4,676.2,143.69,3.79,8.94,135.16,75.6,7.1,16.16,160.01,2570.26,0,0,0,0
Buckinghamshire County Council,72.17,1022.1,810.93,14.69,3840.14,2619.31,818.66,45.31,30.72,0,132.28,26.36,54.38,176.63,0,45.25,0,0,0
Chesterfield Borough Council,502.292,0,0,0,1897.58,0,21.96,0,0,0,0,0,25.2,11.02,1681.588,0,0,0,0
West Devon Borough Council,468.44,511.299,56.33,59.692,1197.56,0.66,2.12,0.2,0,0,0,0,0,9.795,0,19.867,0.815,0,0
Bournemouth Borough Council,0,129.1,165.34,30.8,2344.61,745.08,227.26,6.16,0,0,22.68,3.1,38.82,23.53,4284.48,0,0,187.1,0
Colchester Borough Council,1000.207,1883.74,176.26,386.74,2667.34,0,181.98,0,0,0,0,0,0,13.9,0,0,1.477,0,0
Fareham Borough Council,516.55,20.6,0.209,0.716,796.28,0,3.36,0,0,0,0,0,0,67.458,1784.16,0,0,0,0
Dacorum Borough Council,0,0.97,0,0,3766.1,0,25.743,0,0,0,0,0,0,14,3443.62,0,0,0,0
Medway Borough Council,128.76,212.34,341.55,6.4,4350.5,1243.5,364.3,18.23,7.27,0,58.38,12.6,4.02,96.28,4806.58,13.02,1.05,1330,0
Lancaster City Council,78.24,966.83,0.209,0,1538.44,0.02,331.803,0,0,0,0,0,0,23.21,1281.905,77.54,8.201,0,0
South Holland District Council,26.47,14.77,0.97,0,274.66,0,0,0,0,0,0,0,0,15.241,2109.36,0,0,0,0
Bassetlaw District Council,217.22,2.1,0,0,0,0,0,0,0,0,0,0,0,32.02,1714.04,0,0.21,0,0
Woking Borough Council,7.54,17.328,4.842,0.786,2810.84,0,18.56,2.418,0,0,0,0,0,35.294,2138.06,0,0.827,0,0
South Tyneside MBC,10,651.9,140.7,26.3,1175.6,0,186.1,2.9,7.8,0,38.8,2.9,0,23.6,2536.5,11,0,1008.8,0
Calderdale MBC,1178.27,1465.44,161.78,5.46,2802.96,775.62,203.54,3.65,23.82,0,126.92,6.6,57.72,89.62,444.5,0,0,899.1,11.04
Ealing LB,148.71,599.94,208.21,0,3170.65,291.3,180.4,1.51,0,0,11.05,3.94,0,273.07,5461.73,5.71,60.67,0,0
Southwark LB,0,87.04,11.86,5.42,2527.49,334.54,51.335,0.8,0.86,0,34.2,1.36,1.52,78.57,4926.19,0,0.28,0,0
Milton Keynes Council,1232.5,291.43,430.19,8.84,5565.74,1262.15,304.67,12.03,15.98,0,95.7,11.44,38.66,118.62,5114.5,0,0,805.56,0
North East Derbyshire District Council,0,445.33,0,0,1591.34,0,9.3,0,0,0,0,0,1.5,0,1720.17,0,0,0,0
Hastings Borough Council,302.09,12.05,4.96,0,345.1,0,20.55,0,0,0,0,0,0,35.855,1433.66,0,0,0,0
Rochford District Council,21.82,7.26,0,0,2190.93,0,18.803,0.076,1.15,0,0,0,0,43.466,2115.6,7.63,0,0,0
Cheltenham Borough Council,653.06,1101.73,142.38,91.22,2367.95,253.42,144.16,2.2,0,0,0,1.55,6.464,112.92,320.04,73.78,3.11,0,0
New Forest District Council,1257.08,130.32,0,0,770.2,0,12.1,0,0,0,0,0,0,126.15,2513.91,0,0,0,0
St Albans City and District Council,15.14,1752.56,0,0,3977.12,0,38.64,0,0,0,0,0,0,21.14,1949.75,0,1.43,0,0
North East Lincolnshire Council,658.02,1010.636,103.522,2.8,1823.02,456.36,198.07,5.04,0,0,21.62,2.2,0,16.483,310.838,0,0.02,81.6,0
Rossendale Borough Council,0,547.798,0,0,365.26,0,0,0,0,0,0,0,0,16.426,799.94,0,0,0,0
Newark and Sherwood District Council,417.05,1.42,0,0,664.1,0,0,0,0,0,0,0,14.96,8.48,1968.76,0,0.67,0,0
East Staffordshire Borough Council,6.749,450.562,0.441,0,2487.94,0,0,0,0,0,0,0,0,7.573,2209.09,6.888,0,0,0
Surrey County Council,127,1532,1382,29,6552,0,1388,57,13,0,120,42,92,392,0,0,0,988,0
Manchester City Council MBC,32.3,3795.74,0,0,6433.72,0,63.48,0,0,0,0,0,0,90.71,4018.16,0,0,0,0
Barnsley MBC,59.48,1828.65,252.291,65.96,2477.78,669.2,240.16,3.455,0,0,30.48,4.958,3.9,89.742,2125.93,0,0.453,545.22,0
Havering LB,474.34,147.59,161.13,18.43,2197.49,741.31,175.38,8.08,5.15,0,31.12,2.58,0,58.82,3135.4,3.07,0.8,378.31,0.73
Wealden District Council,522.68,5.645,0,0,2781.4,0,2.42,0,0,0,0,0,0.165,41.636,3490.53,0,0,0,0
Uttlesford District Council,0,0,2.26,0,1419.76,0,0,0,0,0,0,0,0,14.773,2594.86,0,0,0,0
Stroud District Council,0,1293.944,6.52,0,1337.52,0,18.19,0,0,0,0,0,3.66,124.937,1530.76,67.377,0,0,0
Test Valley Borough Council,631.59,1.78,8.89,0,956.56,0,4.18,0,0,0,0,0,0,94.05,2142.16,0,1.49,0,0
Welwyn Hatfield Council,38.96,486.84,0,0,2640.13,0,13.05,0,0,0,0,0,0,16.16,1668.42,0,0,0,0
York City Council,1136.367,1648.89,347.147,330.052,2934.971,798.86,314.97,6.78,0,0,15.04,6.35,0,91.84,669.53,0,2.63,0,0
Cherwell District Council,743.24,17.53,11.64,0,3949.54,0,0,2.75,0,0,0,0,0,96.25,2776.36,0,0,0,0
Telford and Wrekin Council,1.3,1633.46,168.07,11.52,3115.86,512.1,247.16,2.82,17.04,2.5,45.54,7.68,2.59,151.12,2127.68,0,1.06,8.1,15.17
South Staffordshire Council,0,1.3,0,0,2327.4,0,3.3,0,0,0,0,0,0,4.59,2688.14,0,0,0,0
Mole Valley District Council,0,39.48,0,0,2129.98,0,7.17,0,0,0,0,0,0,8.22,2632.06,0,0,0,0
Arun District Council,0,0,0,0,1443.5,0,15.94,0,0,0,0,0,0,35.24,3598.36,0,0,0,0
Stockport MBC,0,3402.77,0,0,7715.2,0,12.94,0,0,0,0,0,0,20.756,3155.17,0,0,0,0
Dudley MBC,1312.38,2522.952,155.26,0,427.93,171.4,151.76,6.709,4.28,0,56.64,5.87,22.256,45.358,792.27,0,206.975,535.6,0
Lewisham LB,0,29.34,7.28,27.99,843.28,117.04,67.92,2.25,0,0,0,0,304.37,35.64,4460.74,0,76.3,248.73,0
North Somerset Council,1356.84,2752.64,527.53,601.83,5494.04,1229.46,304.69,1.68,1.52,0,54.34,7.95,14.7,76.67,0,0,0,605.78,95
Fenland District Council,44.76,3.793,0.2,0,2318.44,0,0,0,0,0,0,0,4.078,103.049,2202.7,0,0,0,0
Halton Borough Council,11.88,148.81,140.49,100.91,1030.06,518.21,155.49,2.866,6.1,0,35.62,1.5,59.63,177.57,2483.86,0,52.26,360.96,11.94
Derbyshire County Council,78.54,741.28,850.98,206.45,2314.46,2633.78,931.38,22.07,64.02,0,47.22,23.65,389.1,199.38,0,0,0.97,1269.92,4.88
Southend-on-Sea Borough Council,5.74,1136.7,128.48,0,2456.16,535.24,252,0.5,0,0,15.68,6.14,0,98.02,2434.67,0,0,461.06,3.62
Worcester City Council,6.45,13.33,3.74,0,324.96,0,2.92,0,0,0,0,0,0.33,58.424,2344.62,8.48,0,0,0
Chorley Borough Council,15.9,862.89,0,0,2000.4,0,45.16,0,0,0,0,0,0,4.73,1683.4,5.59,0.53,0,0
East Lindsey District Council,534.51,0.2,0,0,2598,0,0,0,0,0,0,0,0,55.434,2749.42,0,0,0,0
West Oxfordshire District Council,431.13,84.85,4.42,16.05,3424.38,0,12.8,0,0,0,0,0,0,41.13,2517.59,0,0,0,0
Taunton Deane Borough Council,721.341,1137.313,94.719,127.62,1851.36,0,0,0.61,0,0,0,0,35.314,38.058,0,11.436,0,0,0
Surrey Heath Borough Council,64.53,24.51,8.15,3.61,1782.19,0,9.36,0.64,0,0,0,0,0,45.88,2474.6,0,0,0,0
Mid Sussex District Council,0,0,0,0,1136.98,0,9.88,0,0,0,0,0,0,14.3,3453.1,0,0,0,0
Wolverhampton MBC,0,139.61,154.97,0,4249.52,761.5,149.71,1.63,4.22,0,97.5,5.85,0,24.44,4336.92,0,0,640.92,0
Bexley LB,665,2809,240,43,5054,823,233,11,14,0,31,8,322,352,1780,0,110,686,0
Reading Borough Council,541.43,88.52,125.24,9.73,1494.54,0,153.92,4.48,3.06,23.25,24.87,2.36,2.89,106.6,2325.7,0,2.41,131.31,16.36
Carlisle City Council,688.62,958.05,146.75,243.16,1618.6,0,0,0,0,0,0,0,0,3.164,46.58,0,0.3,0,0
Derby City Council,7.53,201.51,225.99,56.05,1767.82,783.6,250.97,5.45,0.47,0,55.08,6.68,106,45.18,4300.32,0,0,25.12,1.89
East Sussex County Council,117.36,667.345,726.16,5.74,2252.41,466.435,970.9,31.8,19.76,465.62,143.06,18.78,144.15,73.89,0,0,0,1362.28,9.91
Worcestershire County Council,59.44,733.796,1110.205,0,3787.66,2439.654,495.592,19.928,0,0,323.56,13.607,0,130.89,7.26,4.595,40.193,2922.96,0
East Riding of Yorkshire Council,154.95,563.93,519.781,6.021,10149.41,1693.62,667.648,18.92,45.92,0,160.9,13.919,63.654,157.459,7807.28,0,0.14,2248,0
Ashford Borough Council,0,0,0,0,2106.68,0,3.74,0,0,0,0,0,0,6.56,3279.48,0,0,0,0
Pendle Borough Council,25.39,682.78,0,0.53,571.72,0,48.79,0,0.92,0,0,0,0,15.2,978.94,44.81,2.01,0,0
South Kesteven District Council,0,0,0,0,1904.14,0,0,0,0,0,0,0,0,0,3527.86,0,0,0,0
Richmondshire District Council,244.74,325.51,172.51,172.51,565.48,0,0.82,0,0,0,0,0,0,32.85,0,0,1.402,0,0
Harrogate Borough Council,70.9,41.638,2.58,1.22,2041.56,0,5.591,0,0,0,0,0,0,41.191,2515.54,12.932,0,0,0
St Edmundsbury Borough Council,469.842,125.716,35.44,0,1707.18,0,45.543,0,0,0,0,0,20.74,50.416,2115.51,0,0,0,0
Rugby Borough Council,0,0,0,0,1991.76,0,0,0,0,0,0,0,0.26,2.99,2626.52,0,0,0,0
Greater Manchester WDA (MBC),0,2147.16,2094.35,89.43,2840.37,9013.73,2712.98,67.39,78.38,0,359.32,34.1,0,504.91,548.36,13.63,0,9023.48,0
Greenwich LB,0,6.01,96.1,14.1,3087.72,538.8,207.54,2.28,3.963,0,61.34,2.58,0,124.775,4758.41,0,37.48,0,0
Tower Hamlets LB,0,9.68,22.2,2.06,239.52,151.52,78.34,0.52,0,0,0,0,0,161.01,2879.76,0,0,33.16,0
Bath and North East Somerset Council,1239.98,2415.72,475.94,388.7,3553.216,837.78,244.3,8.6,7.69,0,81.5,4.34,5.67,101.02,0,7.1,0.66,863.96,0
South Derbyshire District Council,32.29,708.16,3.34,0.04,2306.09,0,1.46,0,0,0,0,0,0,31.02,988.82,3.89,0.91,0,0
Cotswold District Council,725.51,1024.81,162.67,159.13,3293.57,0,12.76,0,0,0,0,0,33.62,63.206,0,32,1.31,0,0
South Ribble Borough Council,3.18,947.27,0,0,1853.66,0,11.48,0,0,0,0,0,17.52,12,1442.47,15.65,2.45,0,0
Harborough District Council,0,5.138,0,0,1188.44,0,0,0,0,0,0,0,6.902,18.05,2346.931,1.294,0,0,0
Breckland Council,183.922,11.5,0.26,0,1730.98,0,6.24,0,2.92,0,0.22,0,0,5.853,3065.26,0,0,0,0
Oldham MBC,0,1876.98,0,0,3354.98,0,0,0,0,0,0,0,0,0,2128.08,0,0,0,0
Doncaster MBC,56.81,369.573,351.888,98.19,5058.57,954.8,397.176,5.865,5.78,0,68.82,8.285,1.28,124.577,4284.19,33.519,0.675,1405.54,0
Hounslow LB,950.92,1811.72,403.88,576.32,2290.74,580.99,79.2,3,0,0,12.32,1,0,120.5,0,54.7,61.42,106.66,0
Cambridgeshire County Council,87.56,669.96,928.15,209.94,2248.69,2420.71,920.03,36.64,0,750.02,201.18,7,0,114.96,0,57.21,0,2123.3,7.07
North Devon District Council,638.294,942.069,127.417,177.7,2046.18,0,15.322,0,0,0,0,0,0,14.62,0,24.734,0,0,0
Tewkesbury Borough Council,0,17.49,0.11,0,1913.8,0,6.18,0.38,0,0,0,0,8.85,72.63,2216.46,21.09,0,0,0
Sevenoaks District Council,483.07,135.94,0,0,1096.44,0,24,0,0,0,0,0,0,47.049,1618.57,0,0,0,0
North West Leicestershire District Council,523.59,750.92,101.09,213.46,1844.46,0,11.542,0,0,0,0,0,0.151,1.506,0,0,1.583,0,0
Norwich City Council,31.78,0,0,0,1249.46,0,11.7,0,1.22,0,0,0,0,1.32,2834.7,0,0,0,0
East Northamptonshire Council,0,0,0,0,1094.6,0,0,0,0,0,0,0,0,0,2159.16,0,0,0,0
Oxford City Council,142.74,7.44,7.45,6.3,2343,0,27.96,0.93,0,0,0,0,13.98,74.08,4120.1,0,0,0,0
Somerset County Council,164.75,1019.69,985.28,39.17,4783.08,995.73,893.41,30.25,0,0,57.13,2.56,82.78,198.71,0,0,5.5,0,3.8
Tameside MBC,0,2059.39,0,0,3219.58,0,0,0,0,0,0,0,0,0,2877.47,0,0,0,0
Sandwell MBC,25.26,121.24,185.14,1,3489.06,773.28,117.31,7.92,0,312.16,48.44,5.9,7.7,35.47,6722.62,0,0,288.73,0
Bromley LB,316.18,4558.77,215.18,0,5159.18,796.52,221.44,0,0,0,30.54,6.9,89.56,39.26,3599.21,0,0,0,0
Newham LB,97.77,82.52,135.64,81.38,247.68,668.84,169.73,5.28,10.51,0,27.04,0,0,29.19,3004.82,0,0,248.78,2.16
Huntingdonshire District Council,0,2.07,0,0,4263.58,0,0,0,0,0,0,0,5.094,64.82,4324.709,0,0,0,0
Hartlepool Borough Council,24.06,49.11,63.96,36.38,659.33,286.7,117.62,1.81,2.71,57.48,8.02,0,63.13,6.61,1481.58,0,7.7,263.44,0
Stockton-on-Tees Borough Council,695.16,1312.93,235.37,264.66,601.62,335.06,163.98,0,26.23,0,0,2.88,0,11.29,0,0,24.36,3167.69,0
Cumbria County Council,31.2,575.396,700.2,50.48,981.32,1828.929,867.741,18.43,35.74,0,333.74,16.7,0,78.875,0,0,0,2836.7,0.176
Mid Devon District Council,453.41,775.41,80.55,156.12,1631.63,0,4.41,2.35,0,0,0,0,1.178,23.763,45.62,12.55,0,0,0
Brentwood Borough Council,456.56,0,8.43,0,1221.52,0,6.612,0,0,0,0,0,0,7.212,1414.07,32.59,0,0,0
Basingstoke and Deane Borough Council,1084.92,56.13,0.27,8.38,545.64,0,40.598,0,0,0,0,0,1.379,111.086,2292.42,57.388,0,0,0
Wychavon District Council,43.55,26.52,2.68,0,1231.52,0,8.92,0,0,0,0,0,0.35,43.76,3488.88,0,0,0,0
Tonbridge and Malling Borough Council,551.86,704.98,66.33,72.3,3227.69,0,43.35,0,0,0,0,0,0,28.92,0,0,0,0,0
Wellingborough Borough Council,26.692,7.34,10,2.7,959.66,53.12,22.023,0,0,0,49.96,0,0,218.148,2042.9,0,0,53.74,1.9
West Somerset District Council,268.365,394.407,44.228,70.6,485.52,0,0,0,0,0,0,0,29.329,18.97,0,7.693,0,0,0
Forest Heath District Council,242.44,42.195,0,0,733.04,0,0,0,0,0,0,0,0,32.208,936.29,0,0,0,0
Warwickshire County Council,68.57,880.34,703.24,40.74,1579.71,11.2,580.82,15.99,0.44,0,68.41,16.45,10.92,518.22,0,34.69,138.86,0,2.62
St Helens MBC,848.4,1359.6,268.1,253,2381.5,0,11,0,3.2,0,0,0,59.8,2.34,0,0,0,540.4,0
Gateshead MBC,0,959.21,179.89,71.67,1039.54,330.73,229.56,2.26,39.03,0,65,1.23,52.02,277.15,3194.95,0,0,478.45,0
Hammersmith and Fulham LB,0,37.09,31.93,6.51,124.2,0,88.89,1.81,0.04,0,0,0.5,0,157.34,2988.46,24.1,0.09,0,0
Wandsworth LB,0,64.21,47.64,0.24,306.26,0,95.38,2.13,0,0,0,0.85,0,107.56,5190.23,9.07,0.15,0.34,0
Slough Borough Council,0,29.5,141.17,0,1031.11,146.54,66.805,3.64,2,0,20.6,0,0,74.286,1922.6,0,63.92,54.96,10.865
Aylesbury Vale District Council,0,0,0,1.541,2912.21,0,0,0,2.18,0,0,0,0,51.39,4678.03,0,0,0,0
Peterborough City Council,8.17,87,170.34,0,3244.49,500.22,139.88,2.66,0,115.7,41.1,1.62,109.98,44.42,4351.7,0,0,117.44,0.52
Copeland Borough Council,333.74,475.54,61.81,66.17,583.1,0,6.03,0,0,0,0,0,0,2.42,0,0,0,0,0
Devon County Council,210.77,1262.221,1221.654,264.245,5258.99,3695.1,1732.764,40.938,6.185,0,99.58,22.297,371.409,669.173,0,0,230.41,596.55,0
Epping Forest Borough Council,61.02,18.96,0,0,3441.04,0,18.709,0,0,0,0,0,0,24.526,3294.17,8.75,0,0,0
Gosport Borough Council,262.22,36.91,0,0,57.98,0,2.14,0,0,0,0,0,0,59.6,1171.27,0,0,0,0
Malvern Hills District Council,211.48,90.59,0.8,0,440.1,0,2.14,0,0,0,0,0,0.18,27.9,1832.76,0,0,0,0
East Hertfordshire District Council,0,839.82,0,0,3224.38,0,7.94,0,0,0,0,0,0,13.19,2212.84,0,0,0,0
Canterbury City Council,0,1133.96,20.8,0,2654.25,0,4.39,0,0,0,0,0,0,15.84,1854.6,0,0,0,0
Blackpool Borough Council,93.47,1144.06,97.994,29.56,548.18,435.18,174.34,5.7,0,102.54,35.06,1.8,21.166,33.32,1434.29,0,0.24,161.86,1.16
Leicestershire County Council,73.24,784.204,769.616,277.836,3005.61,0,773.604,17.492,0,0,65.84,29.965,52.998,146.42,0,38.089,0,0,0
Blaby District Council,49.304,78.968,1.64,1.84,1091.98,0,9.293,0.941,0,0,0,0,1.263,45.167,2124.834,18.58,0,0,0
Broxtowe Borough Council,478.967,1.714,0,0,1344.52,0,0,0,0,0,0,0,0,11.315,1840.48,0,0.442,0,0
Suffolk Coastal District Council,793.78,37.18,161.72,0,3343.19,44.22,0.28,7.74,2.64,0,2.8,0,21.34,57.02,2477.84,0,0,0,0
Stratford-on-Avon District Council,0,0,0,0,4227.88,0,4.66,1.041,0,0,0,0,1.44,3.376,3585.92,0,0,0,0
Sunderland City Council,0,927.5,129.61,51.59,1306.64,0,141.31,0.8,9.8,0,38.28,2.17,70.65,274.84,3712.13,0,0,754.53,0
Kirklees MBC,1264.76,290.99,344.51,8.34,2520.02,974.88,253.7,7.55,17.5,0,133.7,6.25,14.94,43.82,5419.46,0,0.71,825.96,14.17
Wycombe District Council,53.2,2845.05,0,0,5945.38,0,7.1,0,0,0,0,0,0,40.56,2841.38,0,0,0,0
Portsmouth City Council,523.82,134.86,228.63,32.39,798.73,139.59,96.54,4.38,0,28.03,10.46,3,79.52,87.9,2189.96,0,0,106.75,0
Stevenage Borough Council,421.98,741.84,0,0,1229.82,0,10.343,0,0,0,0,0,0,13.672,275.878,0,0,0,0
Gravesham Borough Council,259.06,25.65,6.02,0,1077.12,0,17.28,0,0,0,0,0,0,17.36,1454.72,0,0,0,0
Hinckley and Bosworth Borough Council,54.88,1071.22,0,3.1,1617.124,0,11.091,0,0,0,0,0,6.29,3.011,1157.1,33.925,0,0,0
Broadland District Council,7.426,10.763,0.123,0.122,2639.88,0,9.74,0,3.3,0,0,0,0,6.375,2905.261,0,0,0,0
Northamptonshire County Council,61.24,850.58,861.791,192.762,2292.52,0,893.49,37.398,7.02,0,297.99,27.682,342.54,154.59,0,0,0.51,2465.01,60.39
Lichfield District Council,2.86,0,0,0,2251.99,0,0,0,0,0,0,0,4.28,16.438,2791.1,0,0,0,0
Elmbridge Borough Council,0,5.26,0,0,3502.34,0,13.21,0,0,0,0,0,0,35.32,3477.94,0,0.45,0,0
City of London,0,0,0,0,64.24,0,7.19,0,0,0,0,0,15.84,7.83,204.32,0,0,0,0
Royal Borough of Kensington and Chelsea,0,47.54,35.75,0.18,243.66,0,81.52,1.61,0,0,0,0.64,0,45.62,4349.49,3.47,0.1,0,0
Darlington Borough Council,482.78,912.4,63.06,9.53,763.14,282.08,84.04,0,10,0,27.54,0,0,61.91,471.76,30.15,0,797.7,0
Winchester City Council,370.9,2.43,0,0,1037.01,0,3.22,0,0,0,0,0,0,50.91,1979.8,0,0,0,0
Shepway District Council,0,769.26,0,0,1421.42,0,5.88,0,0,0,0,0,0,18.97,1358.17,0,0,0,0
Oadby and Wigston Borough Council,201.08,463.02,37.62,80.8,661,0,4.44,0,0,0,0,0,0,0,0,0,0,0,0
South Norfolk Council,149.62,10.94,0.12,0,2012,0,13.17,0.8,3.8,0,0,0,2.556,47.26,3228.14,0,0,0,0
Kettering Borough Council,0,552.025,0,0,1909.3,0,0,0,0,0,0,0,0,23.481,2099.2,0,0,0,0
Nottinghamshire County Council,330.06,902.72,972.49,33.51,3965.6,2946.53,643.4,23.97,18.11,0,405.68,20.44,0,178.26,0,0,0,2511.8,0
Staffordshire Moorlands District Council,0,350.76,0,0,2484.06,0,3.58,0,0,0,0,0,0,3.3,1662.48,6.28,0,0,0
Reigate and Banstead Borough Council,0,2033.1,0,0,2960,0,5.7,0,0,0,0,0,0,61.6,1516,0,0,0,0
Chichester District Council,0,153.04,0,0,1100.52,0,11.12,0,0,0,0,0,0,9.3,3196.26,0,0,0,0
Merseyside WDA (MBC),109.58,1254.94,1739.2,720.86,3931.27,6445.94,1397.85,31.95,48.54,0,413.1,23.87,389.25,1617.95,155.04,0,489.57,6011.16,83.93
Croydon LB,33.62,2550.77,218.52,29.28,4418.62,1203.72,334.07,7.57,0,0,89.16,9,0,185.44,2851.1,0,43.58,1546.2,0
Richmond upon Thames LB,0,2872.7,165.38,0,3655.42,209.18,188.44,6.58,0,0,25.94,1.5,11.88,92.18,2074.43,25,59.88,484.52,0
Warrington Borough Council,8.98,182.93,174.27,16.06,2696.86,681.96,169.393,2.383,0,0,31.94,3.916,145.595,175,4602.21,3.12,0,356.12,0
Amber Valley Borough Council,709.82,22.74,0.31,0.63,659.22,0,10.5,0,0,0,0,0,3.48,0,1988.38,0,0,0,0
Castle Point Borough Council,494.5,0,0,0,1345.48,0,7.926,0,0,0,0,0,0,24.57,1577.24,6.073,0,0,0
Thurrock Council,0,60,109.508,0,2212.16,696.62,89.46,1.653,6.96,140.76,45.64,2,80.72,7.94,2852.66,0,0,426,0.802
East Hampshire District Council,827.5,1.32,0,0,536.64,0,2.48,0,0,0,0,0,0,34.31,1999.24,0,0,0,0
Hertfordshire County Council,67.98,1063.77,1072.38,305.12,1987.34,3563.73,1632.31,45.31,32.33,0,43.82,34.99,36.76,434.67,25.06,0,0.53,2329.85,0
Tunbridge Wells Borough Council,622.8,1314.12,6.12,0,2438.63,0,5.62,0,0,0,0,0,4.21,30.02,272.8,0,0,0,0
Fylde Borough Council,8.89,927.67,0,0,1418.04,0,7.61,0.72,0.41,0,0,0,0,18.25,945.95,14.869,0.32,0,0
Blackburn with Darwen Borough Council,43.12,181.26,182.46,70.48,1017.84,0,178.81,1.88,5.79,0,113.82,3.4,24.97,93.79,3099.28,0,42.6,0,0
Lincoln City Council,33.88,0.9,0,0,1296.43,0,0,0,0,0,0,0,0,4.817,1967.28,0,0,0,0
Craven District Council,6.64,582.72,1.42,0,579.89,0,1.645,0,0.47,0,0,0,0,14.079,780.78,0,0,0,0
Tandridge District Council,6.04,57.58,0.26,0.49,1623.24,0,13.1,0.46,0,0,0,0,0,36.1,2398.08,0,0,0,0
Worthing Borough Council,0,36,0,0,903.09,0,6.14,0,0,0,0,0,0,12.9,2184.96,0,0,0,0
Sefton MBC,7.22,0,0,0,3820.36,0,44.67,0,0,0,0,0,0,8.64,5407.46,0,0,0,0
Newcastle-upon-Tyne City Council MBC,1201.5,173.21,142,0,2183.22,769,192.59,4.04,14.94,0,63,4,25,38.96,3873.69,0,0,862,0
Harrow LB,0,0,176,0,4023.88,621.9,164.5,5.9,0,0,7,4.3,0,39.33,4167.5,0,59.2,0,0
South Bucks District Council,0,407.43,0,0,1209.27,0,9.1,0,0.1,0,0,0,0,36.565,1283.64,0,0,0,0
Erewash Borough Council,0,0,0,0,1691.22,0,12.98,0,0,0,0,0,0,0,2577.28,0,0,0,0
Plymouth City Council,148.2,164.01,274.2,20.64,1675.61,1099.88,266.33,6.72,1.28,0,105.36,3.91,79.46,52.19,4617.95,1.47,0,1474.06,0
Brighton and Hove Council,1646.92,217.63,170.62,3.51,885.84,181.96,254.34,6.56,3.02,84.92,38.3,5.26,87.46,138.82,3171.15,0,1.027,460.88,6.08
Harlow District Council,3.835,10.167,0.21,0.524,833.72,0,25.374,0.022,0,0,0,0,0.19,24.821,1908.66,0,0,0,0
Hart District Council,719.64,52.4,0,0,807.56,0,11.163,0,0,0,0,0,0,51.424,1573.71,0,0,0,0
Hertsmere Borough Council,5.256,525.17,0.189,0.621,1869.94,0,5.795,0,0,0,0,0,0,6.726,1408.68,0,0,0,0
Preston City Council,7.85,1221.58,21.78,0,1215.62,0,18.07,0.016,1.56,0,15.26,0,95.5,9.04,1344.24,11.1,0,0,0
West Lindsey District Council,0,6.22,4.98,0,2018.75,0,13.533,0,0,0,0,0,0,37.321,2510.3,0,0,0,0
Selby District Council,515.42,812.72,59.18,161.48,1661.54,0,3.58,0,0,0,0,0,0,16.02,0,0,0.36,0,0
Gedling Borough Council,730.654,19.064,11.01,0.894,1029.6,0,15.5,0,0,0,0,0,9.14,16.08,1998.08,0,0,0,0
Staffordshire County Council,50.88,867.23,809.22,13.04,2129.16,250.14,1101.04,28.34,61.05,0,106.74,19.11,157.45,238.66,0,0,411.73,1957.35,0
Bolton MBC,0,2787.9,0,0,4282.52,0,3.32,0,0,0,0,0,0,6.025,3059.68,25.4,0,0,0
Leeds City Council MBC,2422.296,640.59,606.37,1.2,8307.492,2455.02,670.523,10.274,23.66,0,264.44,27.149,32.8,318.124,10043.18,261.34,2.716,0,72.424
Barnet LB,16.27,254.99,123.23,18.69,5050.6,959.04,219.65,4.14,5.74,0,40.96,3.4,19.7,129.67,6855.32,42.46,0,748.06,0
Lambeth LB,0,144.49,68.35,2.32,1543.6,155.48,151.66,2.88,2.16,0,0,2.18,13.14,16.91,4545.39,3.68,0.12,5.4,0
South Gloucestershire Council,1516.6,2909.53,499.24,92.44,5044.43,1232.13,332.56,7.58,20.12,0,60.86,3.28,23.24,427.44,910.95,0,0.72,766.36,0
Derbyshire Dales District Council,0,632.289,0,0,1840.82,0,10.46,0,0,0,0,0,0,9.738,1067.56,0,0,0,0
Lewes District Council,527.544,822.07,52.527,70.959,332.3,0,4.938,0.814,0,0,0,0,0,20.565,0,0,0.735,0,0
Tendring District Council,393.99,1247.09,0,0,797.941,0,0,0,0,0,0,0,0,24.969,267.36,102.451,0.584,0,0
Forest of Dean District Council,672.36,895.3,105.21,109.89,2152.56,0,11.6,0.62,0,0,0,0,3.86,62.39,0,60.63,1.42,0,0
Rushmoor Borough Council,470.68,8.47,0,0,526.8,0,2.24,0.89,0,0,0,0,0,39.35,1177.94,0,0,0,0
Bromsgrove District Council,0,4.08,0.26,0,1283.28,0,5.81,0,0,0,0,0,6.07,4.39,2324.26,32,0,0,0
Three Rivers District Council,0,0,0,0,2433.7,0,8.06,0,0,0,0,0,0,8.37,2673.15,0,0,0,0
Isle of Wight Council,8.61,1119.13,269.73,2.72,3150.28,684.02,319.85,18.77,6.1,0,14.86,4.64,49.72,13.6,2059.59,2.91,0,515.96,12.87
West Lancashire Borough Council,15.11,1076.503,2.805,0,2219.74,0,16.333,0,0,0,0,0,0.998,23.75,1236.44,14.225,0,0,0
North Yorkshire County Council,205.67,1218.063,990.264,69.46,2502.75,2292.4,773.955,47.561,15.412,0,82.08,22.7,65.488,182.294,4.38,0,0,333.24,0
Rushcliffe Borough Council,536.59,36.88,0,0,2254.58,0,4.26,2.06,0,0,0,0,55.19,10.81,1943.62,0,1.75,0,0
Newcastle-under-Lyme Borough Council,723.679,1135.957,112.781,259.168,2732.19,0,30.433,0,0,0,0,0,0,23.191,0,17.11,0,0,0
Epsom and Ewell Borough Council,490.98,453.04,89.24,2,1492.18,0,5.4,0,0,0,0,0,0,8.47,871.08,0,0,0,0
West Sussex County Council,0,1141.22,1181.05,0,5548.75,596.14,1551.34,59.9,33.39,0,106.08,26.9,72.47,309.08,89.51,33.72,0,937.92,9.73
Rochdale MBC,0,1716.4,0,0,3749.8,0,0.78,0,0,0,0,0,29.595,30.773,2041.866,0,0,0,0
Rotherham MBC,132.65,1838.435,299.712,126.73,2052.03,745.16,297.718,9.082,0,0,53.92,6.624,15.324,118.094,1550.13,0,1.464,734.42,0
Birmingham City Council,28.56,6625.92,473.76,0,5961.5,2705.4,602.87,14.31,0,0,0,9.09,29.47,58.9,6667.91,0,1.72,2755.6,0
Sutton LB,9.03,147.94,59.21,17.02,1580.64,556.08,143.14,4.48,8.72,0,27.28,7.78,0,48.65,3877.42,0,23.26,569.76,0
Redditch Borough Council,0,2.72,0.26,0,4.76,0,7.57,0,0,0,0,0,2.55,18.54,2274.18,24.35,0,0,0
Lancashire County Council,163.1,1734.504,1382.67,527.18,2283.59,4637.14,1540.841,37.263,30.1,0,282.74,29.422,526.67,259.117,0,0,106.88,0,0.75
Lincolnshire County Council,63.34,462.04,519.306,145.31,3221.244,2031.62,1087.563,15.544,0,182.5,207.38,0,0,119.135,0,21.74,97.754,1469.84,0
Nottingham City Council,29.34,88.26,122.78,58.14,2088.32,507.01,152.37,0.12,0,39.8,39.71,2.37,147.94,15.2,4738.5,0,0.58,2403.38,0
South Oxfordshire District Council,11.08,6.24,0,0.35,3626.18,0,2.39,1.56,0,0,0,0,0,75.29,4022.67,0,0,0,0
Mendip District Council,745.597,1288.411,112.956,176.06,1691.34,0,0,1.3,0,0,0,0,45.3,54.563,0,1.29,0,0,0
Stoke-on-Trent City Council,12.693,564.398,170.74,2.48,2342.9,763.44,250.119,5.729,0,38.34,42.78,1.2,101.127,44.653,3641.23,13.44,0,540.15,0
Runnymede Borough Council,2.17,0,0,0,1112.28,0,0,0,0,0,0,0,0,5.316,1917.21,18.1,0,0,0
Crawley Borough Council,0,0,0,0,358.54,0,19.27,0,0,0,0,0,0,52.9,1854.82,0,0,0,0
Trafford MBC,0,2618.87,0,0,6938,0,12.08,0,0,0,0,0,0,2.245,2680.67,0,0,0,0
Solihull MBC,944.89,132.402,133.76,6.77,3615.84,463.62,158.213,0.682,0,0,27.96,4.976,74.448,34.096,3291.4,0,47.742,1283.75,22.26
Enfield LB,10.88,178.3,105.44,33.16,3863.68,529.9,172.67,4.5,0,0,0,3.54,0,47.82,5767.03,0,0,0,0
Bracknell Forest Borough Council,570.48,127.55,139.2,9.81,1789.38,0,157.5,6.44,2.29,8.91,18.69,3.01,48.24,106.61,1781.8,0,3.57,99.31,15.58
Allerdale Borough Council,185.28,1094.5,32.14,0,1388.66,0,0,0,0,0,0,0,0,0,834.02,0,0,0,0
Bolsover District Council,10.632,262.54,0,0,981.12,0,12.94,0,0,0,0,0,2.6,7.064,1429.29,0,0,0,0
Wyre Forest District Council,8.21,18.83,0,0,575.42,0,3.39,0,0,0,0,0,7.58,19.91,2736.8,0,0,0,0
Hyndburn Borough Council,412.52,651.8,20.74,0,346.68,27.24,15.48,0,1.71,0,0,0,0,0,281.74,10.36,0,0,0
North Kesteven District Council,33.36,0,0,0,2264.14,0,0,0,0,0,0,0,0,4.339,2834.34,0,0,0,0
Hambleton District Council,0,1.26,0,0,1973.98,0,2.48,0,0,0,0,0,19.84,18.143,1899.04,0,0,0,0
South Somerset District Council,1131.383,1929.64,162.589,248.04,2330.62,0,0,1.75,0,0,0,0,53.135,77.451,0,28.553,0,0,0
Ipswich Borough Council,420.22,41.375,15.42,0.001,1848.1,20.16,64.74,0,0,0,2.58,0,0.63,44.206,2544.31,17.153,0,5.04,0
Waverley Borough Council,0,44.54,0,0,1870,0,1.51,0,0,0,0,0,0,29.07,3231.47,0,0,0,0
North Warwickshire Borough Council,0,363.64,0,0,1379.68,0,6.68,0,2.93,0,0,0,0,0,920.64,0,0,0,0
Hillingdon LB,101,182,141,12,3626,488,176,1,4,0,19,5,0,112,4507,0,104,365,0
Windsor and Maidenhead Borough Council,0,191.76,126.82,0,3117.74,0,162.78,5.34,0,54.9,19.8,11.94,11.12,33.55,4276.72,0,0,221.44,16.36
Eden District Council,0,595.88,0,42.9,1001.54,0,3.02,0,0,0,0,0,0,13.52,522.18,0,0,0,0
High Peak Borough Council,647.99,5.41,0,0,1661.5,0,6.14,0,0,0,0,0,0,4.29,1371.94,36.96,0,0,0
Poole Borough Council,0,139.98,202.76,55.84,2489.75,665.77,239.73,6.54,6.28,0,29.12,3.9,10.64,66.75,3859.8,5.87,0,222.44,0
Eastbourne Borough Council,335.98,51.67,0,2.88,1026.03,0,1.53,0,0,0,0,0,0,37.45,1531.02,0,0,0,0
Gloucestershire County Council,88.54,643.772,733.661,8.26,1918.34,2017.79,663.368,23.026,0,434.8,320.93,33.1,21.044,86.46,0,0,0.157,0,0
Dartford Borough Council,411.18,21.88,2.33,0,305.62,0,3.84,0,0,0,0,0,0,17.94,1589.49,0,0,0,0
Ribble Valley Borough Council,20.39,490.24,1.44,0,707.62,0,3.64,0,0,0,0,0,0,7.139,556.62,0,0,0,0
Scarborough Borough Council,0,0,0,0,1423.84,0,0,0,0,0,0,0,0,0,1945.44,0,0,0,0
Waveney District Council,490.03,0,0,0,1860.8,0,0,0,0,0,0,0,0,8.68,2420.17,0,0,0,0
Warwick District Council,737.44,1099.48,107.51,226.24,3316.68,0,0,0,0,0,0,0,0,18.22,128.78,0,0,0,0
Bury MBC,0,2112.96,0,0,3742.9,0,8.82,0,0,0,0,0,0,6.36,2254,0,0,0,0
Brent LB,6.09,104.86,86.63,1.85,2998.76,52.03,40.74,0,3.96,9.1,3.88,0.44,0,86.5,5942.67,0,66.34,21.48,0
Merton LB,16.88,149.34,110.1,20.5,1681.01,644.6,178.47,5.01,0,0,24.52,2.5,0,102.67,3613.45,0,64.55,441,0
East Devon District Council,983.67,1002.661,192.2,222.26,1288.47,0,0,0,0,0,0,0,0,45.1,0,8.043,0,0,0
Rother District Council,453.331,13.79,0,0,1412.44,0,23.73,0,0,0,0,0,0,59.114,1770.27,0,0,0,0
Gloucester City Council,648.01,823.47,151.07,205.33,1880.74,4.44,12.56,0,0,0,0,0,30.63,54.67,0,81.92,0,0,0
Maidstone Borough Council,31.891,0,0,0,2717.78,0,19.64,0,0,0,0,0,0,3.55,3770.34,0,0,0,0
Wyre Borough Council,20.26,1188.99,0.06,0,1431.24,0,19.32,0,0,0,0,0,0.861,29.621,1053.27,66.985,0,0,0
Leicester City Council,56,293,323,0,870,974,202,1,4,0,96,8,21,83,4080,5,0,1052,3
Great Yarmouth Borough Council,50.15,3.34,0,0,585.34,0,37.5,0,0.544,0,0,0,0,2.33,2100.3,0,0,0,0
Corby Borough Council,12.06,0,0,0,878.42,0,0,0,0,0,0,0,0,2.15,1637.16,0,0,0,0
Oxfordshire County Council,78.14,702.28,773.04,80.98,2081.5,2690.94,888.06,29.8,25.93,0,137.62,14.13,40.52,119.52,0,0,0,1129.04,0
Salford City Council MBC,0,2183,0,0,3945,0,0,0,0,0,0,0,0,0,2417,0,0,0,0
Sheffield City Council,101.5,4065.8,359.5,0,1767.5,1043,373.9,15.2,0,0,120.7,0,21.7,111.7,4524.4,0,0,0,0
Coventry City Council,0,153.48,182.24,0,2802.58,11.37,225.48,10.02,6.41,178,41.92,7.85,2.52,186.27,5374.46,0,0,1481.96,0
Hackney LB,550.39,155.61,129.34,0.21,1672.61,90.7,113.8,0,4.7,0,0,0,0,168.92,4435.53,16.14,175.75,0,0
Waltham Forest LB,8.34,131.675,114.311,15.22,2147.28,664.22,149.347,3.189,0,0,40.11,6.48,0.167,178.208,4852.73,17.268,0.806,614.44,6.69
East Cambridgeshire District Council,34.623,19.664,0,0.183,2153.76,0,0,0,0,0,0,0,2.91,25.061,1962.966,0,0,0,0
Redcar and Cleveland Borough Council,22.51,510.84,91.391,6.87,1774.04,373.42,113.42,4.254,6.64,0,13.7,0,141.09,7.984,2243.14,0,0,94.94,2.406
South Hams District Council,384.62,1087.92,0,0,2423.02,0,1.71,0,0,0,0,0,0.384,32.9,213.88,43.953,2.856,0,0
Basildon District Council,911.3,47.418,32.74,0,3613.34,197.2,65.951,1.653,0,0,0,0.167,0,50.351,3440.25,9.303,0,0,0
Kingston-upon-Hull City Council,8.45,221.22,240.29,57.59,3332.42,1021.6,327.27,5.89,9.18,0,83.2,4.52,22.73,206.75,4988.98,0,0.19,980.44,0
Swale Borough Council,50.42,216.9,0,0,1655.6,0,1.58,0,0,0,0,0,0,11.353,3459.19,0,0,0,0
Rutland County Council,25.63,74.12,55.04,22.73,1184.8,142.5,89.79,1.49,3.66,0,14.18,0,0,8.28,1137.11,1.52,40.42,168.1,1.2
Kings Lynn and West Norfolk Borough Council,0,2.7,0,0,2703.2,0,12.54,0,3.19,0,0,0,0,70.13,3622.65,0,0,0,0
Northampton Borough Council,994.38,1501.19,300.75,415.32,3456.56,0,0,0,0,0,0,0,29.34,34.68,1021.93,7.65,0,0,0
Vale of White Horse District Council,0,3.01,0,0,3052.05,0,1.95,1.28,0,0,0,0,0,33.245,3474.33,0,0,0,0
Sedgemoor District Council,619.414,1107.469,87.948,179.93,1976.24,0,0,0.9,0,0,0,0,47.747,39.134,0,15.367,0,0,0
Suffolk County Council,360.61,708.785,1064.121,358.98,2799.66,2521.43,1268.717,30.843,0,0,66.98,17.25,40.317,195.36,0,18.991,1.632,523.1,0
Wigan MBC,14.33,298.81,341.02,115.21,4210.13,1152.18,377.09,10.91,10.76,0,53.68,8.15,16.75,438.96,6553.47,0,57.8,1021.12,39.16
Knowsley MBC,22.34,0,0,0,899.92,0,14.27,0,0,0,0,0,0,13.9,3015.22,0,12.69,0,0
Walsall MBC,0,138.28,146.52,3.22,2276.9,745,215.697,7.63,3.68,0,46.56,5.15,44.85,153.24,5584,0,10.44,500.04,0
Islington LB,0,72.23,80.6,14.68,1178.55,339.64,119.28,3.56,0,0,31.46,0.34,0,99.82,3665.64,18.5,0.28,282.66,0
West Berkshire District Council,1050.33,2165.56,163.53,5.9,4137.74,442.94,256.7,9.62,6.57,0,48.83,4.86,2.05,66.25,341.95,18.09,1.34,342.34,10.32
Middlesbrough Borough Council,20.193,72.399,71.77,15.256,1075.626,277.974,134.172,0,5.751,90.054,20.907,2.349,0,7.794,2399.457,0,0,350.694,0
Barrow-in-Furness Borough Council,0,171.04,0,0,618.71,0,0,0,0,0,0,0,0,0,950.14,0,0,0,0
Torridge District Council,18.74,26.077,0,0,1320.04,0,1.575,0,0,0,0,0,0,2.885,1129.33,8.593,0,0,0
Chelmsford Borough Council,958.38,1546.38,140.84,378.14,3990.74,0,0,0,0,0,0,0,0,12.83,0,0,0,0,0
Eastleigh Borough Council,784.3,0,0,0,1611.3,0,2.14,1.97,0,0,0,0,0,67.41,1856.31,0,0,0,0
Herefordshire Council,40.3,195.5,528.46,5.73,1693.4,521.34,148.17,13.46,23.14,0,88.34,4.83,0.153,28.26,4704.48,1.6,26.05,1070.12,0
Broxbourne Borough Council,469.41,857.5,0,0,1659.94,0,6.62,0,0,0,0,0,0,20.75,343.52,0,0,0,0
Kent County Council,254.12,1750.98,1868.09,0,5781.25,6045.87,1775.12,64.98,100.86,0,392.89,26.14,2.86,501.6,0,0,0,5553.49,0
Ashfield District Council,645.9,4.06,0,5.05,1434.44,0,17.888,0,0,0,0,0,0,10.67,2218.5,0,0,0,0
Mid Suffolk District Council,1080.06,126.387,18.52,0,2297.72,0,0,0,0,0,0,0,2.16,34.002,3516.36,0,0,8.28,0
Nuneaton and Bedworth Borough Council,28.824,953.9,16.86,0,1867.22,0,15.02,0,0,0,0,0,0,10.45,1232.26,0,0,0,0
Wirral MBC,30.169,3.04,0,0,2529.44,0,40.06,0,0,0,0,0,0,19.636,7026.99,0,0.696,0,0
North Tyneside Council,1125.57,190.96,168.42,20.86,1826.1,852.81,202.62,2.98,8.11,0,66.46,1.82,0,137.16,2522.95,24.82,0,908.64,0
Bradford City MDC (MBC),135,2744.7,287,0,4107,1356,543,8,13.7,0,128.9,0,0,501.2,2700,70,73.9,833,17.4
Western Riverside Waste Authority,0,0,0,0,0,0,0,0,0,0,0,0,0,0,0,0,0,202.46,0
West London Waste Authority,0,13.42,0,0,142,1032.45,0,0,0,0,0,0,0,0,0,0,7.9,0,0
Redbridge LB,6.66,123.84,109.66,32.39,1558.52,444.72,176.42,5.92,2.68,0,0,2.54,0,45.78,3190.87,1.2,0,263.14,1.6
Wokingham Council,696.47,169.62,243.69,16.81,2402.24,0,286.81,9.94,5.04,31.28,41.05,4.91,3.54,161.82,2307.04,0,4.34,217.28,29.72
South Lakeland District Council,607.21,1282.94,97.94,199.07,2172.6,0,0,0,0,0,0,0,0,0,0,0,0,0,0
Torbay Council,813.88,1108.1,253.96,179.96,2136.81,468.23,184.42,5.44,3.86,0,13.94,3.82,0,48.37,638.6,3.35,0,127.36,0.62
Maldon District Council,461.36,7.89,0.32,0,1351.4,0,0,0,0,0,0,0,0,31.265,1030.976,0,0,0,0
Havant Borough Council,478.82,0,3.98,24.12,598.07,0,2.72,0,0,0,0,0,0,62.567,1966.24,0,0,0,0
North Hertfordshire District Council,0,971.05,0,0,3463.6,0,8.42,0,0,0,0,0,0,4.74,2305.12,0,0,0,0
Dover District Council,0,1102,0,0,1225.9,0,5.56,0,0,0,0,0,0,11.82,1352.21,0,0,0,0
Charnwood Borough Council,51.204,39.762,1.352,0.962,2375.84,0,69.684,2.509,0,0,0,0,5.849,5.829,4366.87,43.219,0,0,0
Norfolk County Council,198.22,681.94,876.279,124.94,4459.5,602.42,1476.861,43.476,3.67,0,100.04,31.13,254.228,114.545,0,0,1.057,1177.51,0.763
Mansfield District Council,223.91,12.53,2.96,0,993.69,12.74,0,0,0,0,0,0,13.23,25.05,1679.67,0,0,0,0
Cannock Chase Council,0.46,2.39,0,0,1245.2,0,1.6,0,0,0,0,0,0,20.17,2357.44,0,0,0,0
Swindon Borough Council,922.82,1805.42,710.41,451.6,1722.26,1028.52,241.67,12.19,4.82,0,51.94,0,0,25.38,0,32.3,0,1012.96,0
Wakefield City MDC,91.49,301.61,279.35,96.44,3134.9,1196.16,425.59,7.23,28.29,0,110.9,10.6,21.6,381,6652.96,0,12.92,123.06,22.2
Camden LB,0,114.61,52.54,4.58,1159.32,221.58,108.05,0,0,0,21.39,0,126.29,107.08,4524.58,6.01,0.12,193.16,0.39
Westminster City Council,1470.54,643.8,0,0,736.13,0,89.62,0.17,0,0,0,0,0,86.77,5929.97,0,0,0,0
Exeter City Council,506.12,111.32,0,0,480.64,0,2.43,0,0,0,0,0,20.47,24.68,2142.11,27.304,0.94,0,0
Southampton City Council,1051.74,134.27,269.97,55.96,1373.49,151.12,116.31,5.86,0,17.28,1.19,4.29,145.11,97.18,2776.9,0,0,65.82,0
Watford Borough Council,0,6.1,0,0,1372.9,0,10.274,0,0,0,0,0,0,2.76,1950.43,0,0,0,0
North Lincolnshire Council,838.606,1064.085,486.198,31.024,3365.52,703.55,324.71,12.163,3.548,0,24.72,8.6,121.32,252.652,1077.6,27.769,2.421,689.32,0
Melton Borough Council,0,0,0,0,753.26,0,6.31,0,0,0,0,0,1.817,0,1329.52,11.156,0,0,0
North Norfolk District Council,0,0,0,0,2241.41,0,5.88,0,1.86,0,0,0,0,8.83,2681.6,0,0,0,0
Ryedale District Council,399.54,529.92,106.96,69.39,956.72,0,3.81,0,0,0,0,0,0,29.76,0,0,0.82,0,0
Daventry District Council,297.7,540.35,90.92,125.55,2195.04,0,0,0,0,0,0,0,0.78,0.22,477.43,8.87,0,0,0
Stafford Borough Council,0,576.28,6.68,0,2899.06,0,4.82,0,0,0,0,0,0,6.15,2564.46,0,0,0,0
Guildford Borough Council,73.306,264.206,1.215,3.938,3229.24,0,20.239,2.719,0,0,0,0,0,121.69,3412.3,0,0,0,0
Adur District Council,0,38.28,0,0,354.04,0,2.63,0,0,0,0,0,0,10.71,1326.74,0,0,0,0
Haringey LB,2.96,116.15,84.21,7.45,1941.62,515.86,85.94,1.85,3.76,0,52.12,1,0,85.97,4724.13,5.72,0,474.3,0.77
Bristol City Council,2544.44,4156.49,731.22,921.62,5322.08,1413.47,324.81,11.4,11.98,0,51.34,6.78,0,230.14,0,0,0,1282.52,0
Council of the Isles of Scilly,28.73,0,12.77,0,18.64,0,5.62,0,0,0,0,1.17,0,2.093,0,0,0,0,0
Teignbridge District Council,945.88,1474.6,168.21,277.113,2685.79,11.62,9.459,1.729,1.9,0,0,0,27.69,85.062,0,21.556,2.346,0,0
Braintree District Council,593.47,69.02,0,0,3243.53,0,0,0,0,0,0,0,0,18.74,2631.09,0.488,0,0,0
Essex County Council,326.5,1436.408,2014.11,14.119,4343.1,5488.54,1725.067,43.615,60.151,0,269.776,85.65,0,328.473,0,125.076,0.537,0,0
Hampshire County Council,656.34,1691,3135.44,436.02,10936.56,1428.51,1120.53,87.14,0,236.62,73.77,52.72,1145.07,385.5,0,0,0,900.89,0
Thanet District Council,51.3,1232.46,11.68,0,1286.56,0,10.39,0,0,0,0,0,0,20.07,1175.65,0,0,0,0
Burnley Borough Council,14.13,583.99,0,0,523.46,0,3.48,0,0,0,0,0,0,5.23,724.68,7.85,0,0,0
Boston Borough Council,38.66,6.41,1.57,0,1029.56,0,3.865,0,0,0,0,0,0,14.1,1946.84,0,0,0,0
South Northamptonshire District Council,22,18.76,18.13,0,2921.2,0,6.92,2.258,0,33.28,0,0.33,0,42.83,2493.98,0,0,55.46,0
Tamworth Borough Council,16.302,0,0,0,1151.35,0,0,0,0,0,0,0,0,30.46,1979.4,0,0,0,0
Spelthorne Borough Council,0,1.08,0,0,1260.98,0,4.98,0,0,0,0,0,0,27.4,2466.62,1.301,0.61,0,0
Horsham District Council,0,30.82,0,0,2607.916,0,12.88,0,0,0,0,0,132.5,9.137,3392.92,19.084,0,0,0
Liverpool City Council,0,0.32,0,0,2659.12,0,0,0,0,0,0,0,505.55,16.54,7210.26,56.27,0,0,0
Barking and Dagenham LB,63.9,99.5,221.52,14.17,521.53,897.35,142.54,5.71,5.83,0,0,2.92,93.2,31,1941,0,0,319.73,0.79
Royal Borough of Kingston upon Thames ,15.114,1933.461,111.181,15.911,2457.17,512.2,184.652,2.12,0,0,21.98,3.1,61.24,52.646,1388.04,443.084,30.62,539.06,0
Wiltshire,3039.72,3324.11,1463.27,279.04,8053.56,259.27,856.75,33.36,28.62,114.74,220.32,15.8,1.24,188.63,3712.06,17.62,4.22,431.05,8.96
Cornwall,538.24,1216.46,1502.615,40.46,6232.966,2615.97,783.9,45.401,8.41,0,127.18,9.335,7.635,118.53,7784.18,32.038,0,542.76,0
Bedford,508.04,159.12,127.04,9.06,2272.72,0,191.51,12.91,4.18,0,19.32,3.24,32.21,99.69,2826.68,0,0,167.48,41.3
Central Bedfordshire,1230.14,258.71,294.08,22.32,4420.59,0,334.17,15.42,27.11,0,46.66,11.2,22.34,91.07,4957.4,0,0,663.06,34.72
Shropshire,198.04,2752.08,357.76,23.53,9348.95,856.18,490.52,16.2,27.12,0,126.72,13,64.62,259.55,2908.18,0,9.13,460.37,2.88
Cheshire East,128.35,503.06,452.16,33.72,8560.09,1434.22,532.42,10.56,0,0,67.41,8.9,295.76,161.63,9357.2,29.87,0,1797.99,0
Cheshire West and Chester,2424.941,3458.88,988.472,899.4,9018.96,1441.15,390.837,22.262,1.16,0,0,11.046,98.97,189.85,0,64.406,0,1801.3,5.362
Northumberland,1406.3,405.4,498.6,134.9,3326.9,1073,468.3,16.6,27.9,0,37,6.9,44.5,351.05,5104.8,0,2.1,310.2,0
County Durham,2553.76,501.1,547.97,198.2,3700.7,1838.06,593.56,8.55,29.47,0,256.38,7.02,101.68,150.46,9576.64,0,0,2116.36,0
Dorset Waste Partnership,3493.22,878.28,1128.27,82.76,12769.21,2085.72,704.42,32.09,1.66,0,71.2,22.8,209.68,196.65,7926.15,36.74,7.48,426.43,15.46
Cambridge City and South Cambs Councils,0,814.86,0,0,6669.79,0,0.08,0.27,0,0,0,0,18.32,37.46,6136.93,0,0,0,0
