Name,Glass,Paper & Card,Metal,Organic,Wood,WEEE,Batteries,Tyres,Soil,Plasterboard,Oil,Other Materials,Co-mingled,Textiles,Furniture,Composite,Plastic,Rubble,Paint
Luton Borough Council,443.71,146.78,183.75,1714.38,677.32,141.25,11.72,8.8,150.54,73.5,5.4,82.45,2601.79,111.64,0,0,0,0,0
Buckinghamshire County Council,64.39,1144.95,747.52,3728.88,2591.38,855.96,43.86,24.42,0,78.54,23.41,50.32,0,170.1,42.2,6.29,1.42,0,0
Chesterfield Borough Council,504.381,0,0,1638.52,0,15.94,0,0,0,0,0,0.32,1688.579,17.815,0,0,0,0,0
West Devon Borough Council,449.44,529.421,62.551,1192.56,1.06,1.26,0.46,0,0,0,0,320.64,0,3.453,26.433,0.936,60.777,0,0
Bournemouth Borough Council,57.52,147.38,283.77,3088.94,974.17,140.9,6.82,12.52,0,152,4.45,121.48,4328.89,46.3,20,0,42.95,682.2,0
Colchester Borough Council,979.472,1836.5,163.4,3012.64,0,183.05,0,0,0,0,0,0,0,51.242,0,2.069,397.48,0,0
Fareham Borough Council,527.36,22.27,0.259,783.84,0,5.2,0,0,0,0,0,0,1827.84,57.31,0,0,0.426,0,0
Dacorum Borough Council,0,0.6,0,3532.78,0,13.775,0,0,0,0,0,0,3483.73,11.74,0,0,0,0,0
Medway Borough Council,155.04,319.94,319.46,4902.1,1167.06,415.97,13.82,9.91,0,90.58,12.85,13.26,4830.52,93.48,2.91,1.4,0,1160,0
Lancaster City Council,77.51,1185.2,0.179,2013.98,0,18.86,0,0,0,0,0,0,1111.92,10.202,62.59,7.618,0,0,0
South Holland District Council,27.92,9.5,8.24,80.42,0,0,0,0,0,0,0,0,2183.5,14.44,0,0,0,0,0
Bassetlaw District Council,188.24,1.64,0,0,0,0,0,0,0,0,0,0,1674.64,27.6,0,0.09,0,0,0
Woking Borough Council,17.23,29.497,1.074,2281.629,0,5.943,1.436,0,0,0,0,0,2426.94,36.666,0,0.799,2.746,0,0
South Tyneside MBC,36.2,553.9,142.7,1386.6,788.5,204.1,1.8,9.8,0,33.8,2.3,0,2775.8,36.8,12.2,0,22.3,1069.3,0
Calderdale MBC,1172.37,1401.1,392.14,2435.06,810.56,222.9,4.08,6.06,0,107.84,2.25,63.44,0,91.34,0,0,206.55,992.48,9.1
Ealing LB,1468.95,2879.92,236.14,2622.73,60.15,212.52,4.07,0.54,0,14.35,3.14,0,1551.2,303.46,8.74,99.25,0,0,0
Southwark LB,0,112.46,70.92,2810.99,472.7,54.005,1.56,4.44,0,35.22,1.66,2.22,4949.82,142.525,0,0,4.28,621.3,0.805
Milton Keynes Council,1246.82,316.96,366.84,5901.12,1223.22,360.47,17.54,15.97,0,100.68,11.56,73.91,4912.62,124.39,0,0,5.42,748.46,0
North East Derbyshire District Council,0,534.24,0,1604.9,0,9.8,0,0,0,0,0,0.9,1668.86,0,0,0,0,0,0
Hastings Borough Council,418.1,22.55,5.23,384.3,0,12.06,0,0,0,0,0,0,1439.84,42.765,0,0,0,0,0
Rochford District Council,29.34,31.22,0,2667.18,0,15.55,0,0,0,0,0,0,2324.92,42.071,8.19,0,0,0,0
Cheltenham Borough Council,697.13,1038.6,143.5,2257.53,272.66,152.87,2.8,0,0,0,4.6,31.98,111.24,100.06,130.38,2.52,106.7,0,0
New Forest District Council,1278.08,153.31,0,682.52,0,15.06,0,0,0,0,0,0,2625.69,120.54,0,0,0,0,0
St Albans City and District Council,925.79,1676.44,0,3338.85,0,11.83,0,0,0,0,0,0,454.41,12.64,0,2.31,0,0,0
North East Lincolnshire Council,673.904,1024.968,102.712,1836.96,448.2,208.74,4.98,0,0,24.34,2.34,0,317.728,6.6,0,0.03,1.49,69.24,0
Rossendale Borough Council,0,571.368,0,379.02,0,0.39,0,0,0,0,0,0,861.76,18.312,0.44,0,0,0,0
Newark and Sherwood District Council,384.82,1.52,0,467.98,0,0,0.17,0,0,0,0,5.43,2042.02,12.9,0,1.54,0,0,0
East Staffordshire Borough Council,7.689,479.564,21.374,2457.62,0,0,0,0,0,0,0,0,2229.91,7.013,10.459,0,0.165,0,0
Surrey County Council,127,1850,1727,8252,0,1703.68,61,77,0,386,44,99,0,947,0,0,1,4140,0
Manchester City Council MBC,34.94,3433.54,0,4792.24,0,68.76,0,0,0,0,0,47.14,3551.82,86.57,0,0,0,0,0
Barnsley MBC,1583.42,1956.7,492.262,2482.41,599.66,252.312,1.391,0,0,26.9,5.175,7.4,0,90.053,0,0.247,395.8,525.06,0
Havering LB,459.34,132.68,197.44,2399.18,742.89,142.7,6.25,3.54,0,21.52,4.27,0,3555.76,55.09,3.38,0.67,27.03,397.06,0
Wealden District Council,553,2.885,0.2,3009.46,0,2.88,0,0,0,0,0,0.25,3560.3,31.089,0,0,0,0,0
Uttlesford District Council,0,0,1.68,1392.89,0,0,0,0,0,0,0,0,2474.57,14.688,0,0,0,0,0
Stroud District Council,0,1215.23,5.02,26.88,0,17.68,0,0,0,0,0,28.9,1496.83,113.39,103.617,0,0,0,0
Test Valley Borough Council,624.74,2.1,5.719,952.28,0,6.84,0,0,0,0,0,0,2076.38,80.819,0,1.664,0.52,0,0
Welwyn Hatfield Council,31.8,584.49,0,2842.06,0,8.51,0,0,0,0,0,0,1665.94,12.46,0,0,0,0,0
York City Council,1032.971,1590.52,366.531,3251.124,737.9,225.28,7.6,0,0,11.9,2.72,0,1139.32,80.44,0,0.61,363.794,0,0
Cherwell District Council,710.18,5.4,5.82,4039.6,0,0,0,0,0,0,0,0.18,2836.01,84.97,0,0,0,0,0
Telford and Wrekin Council,13.48,1769.56,117.88,3052.69,614.58,286.29,7.94,12.78,117.94,54.3,5.67,5.52,2298.26,48.4,19.07,0.57,9.9,355.92,26.08
South Staffordshire Council,19.04,11.36,0,2419.14,0,0,0,0,0,0,0,0,2848.48,3.47,0,0,0,0,0
Mole Valley District Council,0,39.8,0,2152.86,0,4.77,0,0,0,0,0,0,2638.88,9.12,0,0,0,0,0
Arun District Council,0,0,0,1429.58,0,12.4,0,0,0,0,0,0,3660.92,32.07,0,0,0,0,0
Stockport MBC,0,3678.77,0,7697.18,0,8.08,0,0,0,0,0,0,3167.44,24.421,0,0,0,0,0
Dudley MBC,1374.858,2845.382,134.37,3442.86,167.56,144.997,4.217,4.86,0,42.06,4.05,32.84,732.192,46.922,0,0.813,0,548.99,0
Lewisham LB,2.96,24.91,22.9,287.54,182.43,53.355,0.151,0,0,0,0,293.685,4939.97,31.882,0,84.02,2.41,169.12,0
North Somerset Council,1405.74,2798.22,447.15,5473,1345.46,331.12,6.33,0.93,0,82.82,8.05,25.37,0,84.42,0,0.23,523.74,574.44,57
Fenland District Council,52.04,29.066,0,2529.84,0,0,0,0,0,0,0,3.971,2211.808,82.088,0,0,5.93,0,0
Halton Borough Council,9.96,163.06,119.63,1155.06,509.64,149.28,6.22,7.16,0,35.44,2.33,45.42,2405.92,160.15,0,7.07,68.76,381,1.61
Derbyshire County Council,60.97,728.44,672.28,2066.16,2318.66,987.68,21.14,50.42,0,198,17.66,228.65,0,187.24,0,0.54,163.19,1363.56,0
Southend-on-Sea Borough Council,10.44,80.8,64.31,3005.3,434.5,163.639,0,0,0,0,3.56,0,3823.9,22.87,0,0,0,416.56,0
Worcester City Council,32.65,8.55,5.94,354.74,0,1.61,0,0,0,0,0,3.07,2535.94,57.09,12.79,0,0,0,0
Chorley Borough Council,33.92,979.55,0,2057.5,0,44.9,0,0,0,0,0,0,1611.75,8.24,21.84,0.53,0,0,0
East Lindsey District Council,545.81,4,0,2638.6,0,0,0,0,0,0,0,0,2570.56,62.922,0,0.26,0,0,0
West Oxfordshire District Council,436.16,90.775,4.82,3439.09,0,5.9,0,0,0,0,0,0,2464,36.479,0,0,17.51,0,0
Taunton Deane Borough Council,718.591,1135.893,130.3,2147.16,0,0,0.59,0,0,0,0,48.503,0,44.468,11.872,0,179.62,0,0
Surrey Heath Borough Council,44.06,112.32,8.44,1648.36,0,6.4,0,28.64,0,0,0,0,2280.1,56.06,0,0,3.68,0,0
Mid Sussex District Council,0,0,0,1122.74,0,5,0,0,0,0,0,0,3428.5,12.84,0,0,0,0,0
Wolverhampton MBC,0,104.35,127.31,4171.36,183.76,177.43,0.83,2.8,0,91.5,4.4,0,4751.54,25.12,0,0,22.85,398.38,0
Bexley LB,562,2807,207,3759,888,182,7,13,0,18,2,310,1665,305,0,102,114,805,0
Reading Borough Council,599.42,106.94,148.53,1617.47,0,172,5.88,0,114.95,81.18,4.63,3.83,2469.24,99.3,0,2.5,11.53,353.89,19.33
Carlisle City Council,629.56,1157.83,152.22,1506.92,0,0,0,0,0,0,0,0,0,3.28,0,0,268.42,0,0
Derby City Council,11.04,200.27,157.16,1656.07,732.32,286.62,6.97,0.05,0,54.12,6.05,133,4379.12,45.8,0,0,50.51,33.86,1.55
East Sussex County Council,127.34,639.66,713.9,2030.36,589.52,959.36,29.29,16.49,466.43,126.78,13.58,73.22,0,51.76,0,0,41.29,1177.08,14.07
Worcestershire County Council,55.44,713.22,1000.48,3615.76,2248.51,446.71,26.488,0,0,305.84,19.469,0,9.23,111.64,5.965,0.112,0,2799.77,0
East Riding of Yorkshire Council,160.32,524.91,470.612,10205.53,1471.96,639.047,22.328,39.06,0,157.98,10.079,31.111,8589.12,180.83,0,0.35,7.07,2168.59,0
Ashford Borough Council,0,30.38,0,2354.42,0,0,0,0,0,0,0,0,3181.74,0,0,0,0,0,0
Pendle Borough Council,27.82,761.15,0.2,529.3,0,48.91,0,0.26,0,0.66,0,0,1036.12,20.3,73.92,5.19,0.88,0,0
South Kesteven District Council,0,6.81,0,1881.54,0,0,0,0,0,0,0,0,3752.16,24.33,0,0,0,0,0
Richmondshire District Council,350.82,438.33,58.445,515.14,0,0.96,0,0,0,0,0,0,0,32.827,0,1.347,86.565,0,0
Harrogate Borough Council,467.51,53.991,3.48,2095.9,0,6.054,0,0,0,0,0,0,2483.26,32.777,12.893,1.398,3.18,0,0
St Edmundsbury Borough Council,468.385,148.499,20.18,2766.68,36.1,38.223,1.686,0,0,0,0,9.3,2179.03,36.864,0,0,10.66,0,0
Rugby Borough Council,0,0,0,2115.56,0,0,0,0,0,0,0,0,2368.74,3.47,0,0,0,0,0
Greater Manchester WDA (MBC),0,1740.59,2098.02,2883.22,5597.3,2557.06,37.59,111.3,0,619.22,34.15,0,220.56,478.59,16.38,0,81.45,8440.5,0
Greenwich LB,0,15.38,119.39,3292.54,718.88,170.615,3.6,10.55,0,53.3,3.64,0,4989.16,148.9,13.98,71.76,0,511.04,0
Tower Hamlets LB,0,9.7,26.12,283.76,164.72,68.84,0.64,0,0,0,0,0,3034.62,130.5,0,0,1.9,0,0
Bath and North East Somerset Council,1302.03,2391.73,431.24,3566.26,873.86,267.17,12.89,8.34,0,88.52,3.98,22.95,0,75.48,4.09,0.78,335.7,947.42,0
South Derbyshire District Council,40.23,754.02,3.46,2282.64,0,0.53,0,0,0,0,0,0.02,960.79,33.2,7.81,1.02,8.98,0,0
Cotswold District Council,747.6,1092.38,159.42,3275.92,0,8.38,0,0,0,0,0,23.582,0,69.94,30.13,1.16,155.9,0,0
South Ribble Borough Council,0,995.68,0,1958.2,0,7.04,0,0,0,0,0,20.88,1586.88,6.98,19,3.64,0,0,0
Harborough District Council,0,372.67,0.05,2129.71,0,2.156,0,0,0,0,0,0.911,1976.996,64.265,1.257,0,0,0,0
Breckland Council,171.285,25.03,0.16,1764.9,0,10.35,0,2.2,0,0.04,0,0,2715.7,6.445,0,0,0,0,0
Oldham MBC,0,2009.68,0,2792.42,0,0,0,0,0,0,0,0,2070.2,0,0,0,0,0,0
Doncaster MBC,55.64,385.27,283.339,3630.6,900.78,369.78,6.905,16.36,0,55.9,5.877,6.716,4474.62,128.354,29.128,0,90.73,1383.52,0
Hounslow LB,930.35,1834.65,559.61,2580.58,887.46,129.92,9.63,0,0,12.5,6.32,0,21.34,201.58,49.4,100.27,509.58,135.88,0
Cambridgeshire County Council,61.06,690.54,896.25,2140.68,2476.6,877.17,28.83,0,672.3,193.16,21.6,0,0,122.31,94.22,0,195.68,2147.16,7.13
North Devon District Council,591.06,934.458,91.185,1879.023,0,0,0,0,0,0,0,0,0,11.216,28.106,0.141,145.06,0,0
Tewkesbury Borough Council,0,8.02,1.9,1929.25,0,7.16,0,0,0,0,0,26.714,2178.11,57.51,42.35,0,0,0,0
Sevenoaks District Council,490.96,148.74,0,1191.12,0,14.64,0,0,0,0,0,0,1837.02,41.505,0,0,0,0,0
North West Leicestershire District Council,331.46,911.275,60.93,1861.18,0,12.757,0,0,0,0,0,1.916,102.58,31.609,20.083,0.589,124.58,0,0
Norwich City Council,29.68,0,1,1217.6,0,8.86,0,0.94,0,0,0,0,2812.46,0,0,0,0,0,0
East Northamptonshire Council,0,0,0,965.02,0,0,0,0,0,0,0,0,2134.56,0,0,0,0,0,0
Oxford City Council,0,9.77,7.31,2162.06,0,26.48,1.12,0,0,0,0,20.76,4314.45,74.62,0,0,16.23,0,0
Somerset County Council,175.66,1094.54,1082.42,5108.2,1149.62,993.98,38.59,0,0,215.68,16.26,122.68,0,200.15,0,5.27,25.66,0,0
Tameside MBC,0,2155.7,0,3169.3,0,8.56,0,0,0,0,0,0,3000.75,19.13,0,0,0,0,0
Sandwell MBC,27.81,128.61,167.57,3846.54,736.07,147.89,6.24,0,222.74,45.72,3.35,5.21,6666.6,123.45,0,58.01,1.08,317.87,0
Bromley LB,112.52,3246.22,188.54,6199.68,783.5,251.51,0,0,0,23.24,5.28,151.62,2751.48,88.04,0,0.1,0,0,0
Newham LB,88.7,107,150.58,303.16,685.08,124.1,3.04,14.34,0,29.79,0.61,0,2966.64,30.3,0.04,0,15.64,275.45,1.78
Huntingdonshire District Council,0,2.52,0,4419.52,0,0.97,0,0,0,0,0,4.326,4340.638,56.39,0,0,1.16,0,0
Hartlepool Borough Council,459.88,60.52,68.49,917.81,290.82,90.36,0,5.8,66.42,0,0,95.36,1474.3,19.34,0,27.76,38.35,278.06,0
Stockton-on-Tees Borough Council,808.78,1370.7,246.35,892.69,325.82,137.5,1.85,8.92,0,0,3.48,0,0,11.09,0,35.28,284.37,3498.51,0
Cumbria County Council,24.9,560.508,569.434,731.24,1574.64,804.418,11.748,30.44,0,345.32,14.25,0,0,350.812,0,0,34.24,2553.04,34.173
Mid Devon District Council,440.4,787.67,65.04,1747.456,0,5.615,2.484,0,0,0,0,176.58,41.56,15.756,0,0,126.47,0,0
Brentwood Borough Council,489.88,0,5.13,1146.84,0,4.489,0,0,0,0,0,0,1545.21,23.919,30.374,0,0,0,0
Basingstoke and Deane Borough Council,1056.529,52.07,0.873,531.2,0,57.214,0,0,0,0,0,1.859,2320.22,97.61,52.536,4.66,1.393,0,0
Wychavon District Council,48.61,29.59,3.03,1219.36,0,6.54,0,0,0,0,0,7.88,3507.92,38.68,22.04,0,0,0,0
Tonbridge and Malling Borough Council,544.16,775.64,67.22,3403.8,0,52.57,0,0,0,0,0,0,0,33.82,0,0,91.93,0,0
Wellingborough Borough Council,62.619,10.52,20,1040.56,43.7,16,0,0,0,5.4,0,0,1953.15,35.608,0,0,4.3,79.5,0
West Somerset District Council,227.327,466.995,49.912,454.82,0,0,0,0,0,0,0,16.417,0,5.157,6.356,0,57.99,0,0
Forest Heath District Council,262.08,46.17,1.56,1407.46,0,0,0,0,0,0,0,0.06,978.53,11.972,0,0,3.46,0,0
Warwickshire County Council,67.58,817.29,709.39,1234.49,1788.71,539.38,25.92,0,230.19,129.8,18.79,0,0,493.91,31.71,6.03,6.8,0,8.12
St Helens MBC,894.5,1486.2,241.9,2254.2,0,16.9,0,0,0,0,0,59.8,0,20.75,0,0,234.9,696.7,0
Gateshead MBC,52.09,1058.14,185.57,1317.24,0,223.9,3.32,11.83,0,70.29,1.04,42.62,3311.81,319.2,0,0,53.66,446.41,0
Hammersmith and Fulham LB,0,36.11,25.26,112.3,0,76.29,1.59,0.18,0,0,0.33,0,3027.26,20.41,0,0.11,0,0,0
Wandsworth LB,0,87.72,39.18,317.72,0,99.91,2.17,0.5,0,0,0.55,0,5170.66,102.93,0.7,0.19,0,0,0
Slough Borough Council,0,25.6,115.02,932.45,164.28,60.095,3.12,2.82,0,13.36,0,0,1970.78,73.618,0,62.9,4.6,29.08,12.195
Aylesbury Vale District Council,0,0,0,2877.83,0,0,0,0.32,0,0,0,0,4712.72,52.566,0,0,0.695,0,0
Peterborough City Council,18.45,99.78,121.24,3073.28,521.46,139.64,8.59,0,153.87,40.86,2.98,193.48,4306.32,41.56,0,0,0,0,0
Copeland Borough Council,329.74,469.68,56.49,515.22,0,4,0,0,0,0,0,0,0,6.5,0,0,61.14,0,0
Devon County Council,204.92,1242.064,1092.114,4908,3470.06,1668.379,31.112,2.699,0,143.32,18.33,296.31,0,486.137,0,225.021,266.645,669.07,0
Epping Forest Borough Council,710.52,10.6,0,3701.22,0,19.162,0.494,0,0,0,0,0,2714.86,25.17,13.09,0,0,0,0
Gosport Borough Council,245.44,43.98,0,55.36,0,3.1,0,0,0,0,0,0,1201.82,56.45,0,0,0,0,0
Malvern Hills District Council,124.88,9.12,1.66,437.54,0,0.93,0,0,0,0,0,0,1816.84,19.203,0,0,0,0,0
East Hertfordshire District Council,0,932.87,0,3418.44,0,4.96,0,0,0,0,0,0,2094.18,13.67,0,0,0,0,0
Canterbury City Council,0,1119.98,0,2743.53,0,8.17,0,0,0,0,0,0,1723.96,13.53,0,0,0,0,0
Blackpool Borough Council,111.32,1265.61,92.52,1310.98,353.63,165.584,2.98,0,25.5,22.24,0.002,17.13,1469.1,34.6,21.36,3.32,21.16,111.8,1.24
Leicestershire County Council,95.74,777.822,824.594,2942.118,0,911.508,30.161,0,0,250.28,20.229,57.276,0,153.25,32.587,0,272.958,0,0
Blaby District Council,51.426,94.205,9.997,1146.06,0,6.404,0,0,0,0,0,20.668,2215.5,76.588,10.655,0,4.11,0,0.864
Broxtowe Borough Council,443.21,3.56,0,1291.6,0,6.85,0,0,0,0,0,0,1823.73,12.84,0,0.22,0,0,0
Suffolk Coastal District Council,820.89,24.46,146.78,3708.9,32.38,0.932,3.81,0.512,0,3.46,0,0,2516.45,60.95,0,0,0,0,0
Stratford-on-Avon District Council,0,0,0,4304.26,0,6.24,0.9,0,0,0,0,12.13,3642.76,3.361,0,0,0,0,0
Sunderland City Council,0,1164.49,115.23,2038.66,0,146.48,1.38,8.57,0,63.53,0.36,70.65,3824.21,300.91,0,0,38.27,757.17,0
Kirklees MBC,1348.73,364.3,276.3,2648.87,1148.44,301.12,5.79,25.78,0,145.72,4.75,18.59,5518.14,47.1,0,0.97,12.38,2374.34,15.21
Wycombe District Council,27,3084.63,0,6147.2,0,0,0,0,0,0,0,11.92,3134.84,19.18,0,0,0,0,0
Portsmouth City Council,524.02,141.72,204.94,789.89,0,105.31,3.51,0,198.94,44.64,1.61,87.43,2239.48,89.44,0,0,0.36,369.46,0
Stevenage Borough Council,435.16,761.611,0,1325.4,0,11.75,0,0,0,0,0,0,209.87,12.959,0,0,0,0,0
Gravesham Borough Council,266.12,17.15,8.65,1136.62,0,13.84,0,0,0,0,0,0,1434.29,14.05,0,0,0.32,0,0
Hinckley and Bosworth Borough Council,49.33,1108.944,4.335,1888.18,0,11.978,0,0,0,0,0,4.228,1173.8,53.432,33.793,0,0,0,0
Broadland District Council,31.673,105.337,0.632,2788.84,0,7.822,0,0,0,0,0,0,2886.34,10.536,0,0,7.071,0,0
Northamptonshire County Council,58.45,752.54,550.51,2119.68,0,603.1,12.6,8.12,0,242.18,25.97,297.05,0,121.41,0,0.13,169.68,2345.39,87.03
Lichfield District Council,2.133,4.73,0,2274.67,0,0,0,0,0,0,0,0.06,2974.66,17.008,0,0,0,0,0
Elmbridge Borough Council,0,1.39,0,3166.12,0,7.72,0,0,0,0,0,0,3577.69,33.71,0,0.54,0,0,0
City of London,0,0,0,33.08,0,6.01,0,0,0,0,0,27.19,231.59,6.31,0,0,0,0,0
Royal Borough of Kensington and Chelsea,0,46.51,29.96,283.23,0,70.66,1.67,0,0,0,0.42,0,4559.71,35.87,0,0.15,0,0,0
Darlington Borough Council,498.25,776.88,64.6,796.74,298.84,98.674,0,8.74,0,16.18,0,0,416.22,46.869,50.856,0.32,23.21,1795.28,0
Winchester City Council,394.04,2.37,0,1122.56,0,5.62,0,0,0,0,0,0,1955.64,42.18,0,0,0,0,0
Shepway District Council,0,894.3,0,1736.62,0,5.32,0,0,0,0,0,0,1467.34,25.553,0,0,0,0,0
Oadby and Wigston Borough Council,201.84,491.55,34.02,643.76,0,4.335,0,0,0,0,0,1.493,0,38.882,0,0,98.48,0,0
South Norfolk Council,165.367,8.53,0,1977.2,0,19.729,0,5.9,0,0,0,0.38,3168.76,44.406,0.165,0,0,0,0
Kettering Borough Council,4.138,532.756,0,2014.08,0,0,0,0,0,0,0,0,1967.31,18.733,0,0,0,0,0
Nottinghamshire County Council,355.33,896.84,910.21,4085.84,2957.59,637.06,24.37,11.21,0,389.94,17.62,0,0,177.94,0,0,26.86,2792.63,0
Staffordshire Moorlands District Council,14.03,411.72,0,2387.95,0,1.64,0,0,0,0,0,0,1609.16,6.48,6.77,0,0,0,0
Reigate and Banstead Borough Council,0,2136,0,2830,0,5.8,0,0,0,0,0,0,1548,45,0,0,0,0,0
Chichester District Council,0,166.32,0,998.48,0,10,0,0,0,0,0,0,3242.02,8.08,0,0,0,0,0
Merseyside WDA (MBC),116.17,1149.98,1335.56,3444.52,5773.62,1335.61,30.32,42.02,0,352.12,26.47,420.56,192.18,1430.86,0,585.75,535.24,6294.33,66.51
Croydon LB,50.77,2832.23,205.93,5352.03,984.27,309.37,4.65,0.58,0,46.84,6.1,0,3260.14,122.68,0,0,43.45,1426.68,0
Richmond upon Thames LB,0,3024.9,161.6,3511.5,38.19,141.62,3.12,0,0,22.02,1.42,30.04,2111.37,99.19,25,45.66,0,438.26,0
Warrington Borough Council,11.37,196.32,173.711,3207.89,755.56,175.313,3.817,0,0,72.16,1.965,118.5,4934.9,156.096,9.559,0,10.986,294.15,0
Amber Valley Borough Council,714.3,21.69,0.08,752.28,0,11.16,0,0,0,0,0,0.46,2060.12,0,7.87,0,0.52,0,0
Castle Point Borough Council,482.76,0,0,1527.66,0,4.635,0,0,0,0,0,0,1420,32.475,5.595,0,0,0,0
Thurrock Council,0,77.52,95.95,2574.64,631.91,90.198,1.52,13.64,112.04,29.64,6.75,0,2898.72,16.16,0,0,0,487.8,2
East Hampshire District Council,823.98,4.63,0,464.82,0,3.2,0,0,0,0,0,0,2066.73,48.72,0,0,0,0,0
Hertfordshire County Council,101.3,1137.624,1109.733,1897.46,0,1279.997,23.822,30.773,0,191.78,33.569,5.71,3583.94,256.87,0,1.201,311.944,2033.32,0
Tunbridge Wells Borough Council,621.14,1439.4,4,2742.93,0,6.5,0,0,0,0,0,5.3,288.86,25.15,0,0,0,0,0
Fylde Borough Council,11.62,945.93,0,1540.78,0,5.02,0.63,0.23,0,0,0,0,930.59,15.18,11.09,0.58,4.34,0,0
Blackburn with Darwen Borough Council,44.33,164.99,155.55,1007.56,0,148.49,3.59,4.11,0,110.12,1.78,15.8,3342,93.8,0,35.6,62.85,0,0
Lincoln City Council,30.1,13.48,0.06,1289.18,0,0,0,0,0,0,0,0,1934.22,32.933,0,0,0,0,0
Craven District Council,4.57,639.412,1.76,542.6,0,2.84,0,0.31,0,0,0,0,785.389,14.237,0,1.077,0,0,0
Tandridge District Council,6.06,60.67,0.25,1519.28,0,11.34,0.32,0,0,0,0,0,2461.42,33.66,0,0,0.42,0,0
Worthing Borough Council,0,33.81,0,886.1,0,5.38,0,0,0,0,0,0,2225.86,11.67,0,0,0,0,0
Sefton MBC,1692.74,1392.76,364.99,3964.19,0,38.97,0,0,0,0,0,0,2036.8,61.09,0,0.94,7.1,0,0
Newcastle-upon-Tyne City Council MBC,1207,203.73,135.97,2324.64,747,209.78,5.56,14.6,0,54,2.51,16,3725.52,26.51,0,0,0,770,0
Harrow LB,0,0,170.5,4791.8,662.5,159.2,4,0,0,8.7,4.6,68.7,4382,105.45,0,53.2,0,0,0
South Bucks District Council,0,442.77,0,1238.32,0,8.26,0,5.66,0,0,0,0,1243.679,38.57,0,0,0,0,0
Erewash Borough Council,0,0,0,1750.72,0,26.95,0,0,0,0,0,0,2640.04,0,0,0,0,0,0
Plymouth City Council,274.8,494.59,348.61,1768.55,1082.1,304.27,6.43,1.68,0,116.86,4.52,32.63,4402.76,91.64,1.93,0,30.08,1167.04,0
Brighton and Hove Council,1442.58,230.08,166.16,587.86,180.48,254.71,5.85,1.72,88.25,39.12,6.1,81.3,3447.82,131.69,0,1.71,3.77,388.24,4.87
Harlow District Council,4.577,9.082,0.2,835.94,0,10.601,0.021,0,0,0,0,1.546,1945.3,31.839,0,0,0.116,0,0
Hart District Council,750.35,63.13,0,752.3,0,10.258,0,0,0,0,0,0,1595.04,56.613,0,0,0,0,0
Hertsmere Borough Council,5.519,609.216,0.342,1998.28,0,5.901,0,0,0,0,0,0,1353.66,5.936,0,0,0.584,0,0
Preston City Council,5.35,1325.62,13.32,1604.08,0,17.67,0.02,0,0,7.88,0,208,1351.7,12.961,38.23,0,5.59,0,0
West Lindsey District Council,0,8.36,5.38,2191.72,0,43.394,0,0,0,0,0,0,2417.46,28.312,0,0,0,0,0
Selby District Council,532.53,864.71,61.14,1616.72,0,4.61,0,0,0,0,0,0,0,20.83,0,0.66,163.36,0,0
Gedling Borough Council,734.913,17.587,0.9,952.1,0,12.867,0,0,0,0,0,12,2019.45,15.852,0,0,0.569,0,0
Staffordshire County Council,45.15,823.81,712.82,1868.94,511.36,1015.51,35.87,41.85,0,125.06,12.78,175.49,0,1092.95,0,156.35,91.16,2458.06,95.52
Bolton MBC,0,2629.33,0,3602.98,0,0,0,0,0,0,0,23.205,2731.84,14.43,16.431,0,0,0,0
Leeds City Council MBC,2385.36,664.578,556.89,7513.535,2325.14,642.01,17.476,69.44,0,207,1.638,30.531,10423.78,201.165,228.565,1.693,1.082,0,48.355
Barnet LB,19.02,258.748,164.91,5338.28,927.25,208.34,3.09,4.66,0,33.46,1.96,3.88,7026.16,166.63,26.52,0,13.6,723.02,0
Lambeth LB,0,127.16,59.77,1651.62,208.98,155.32,4.47,1.64,0,0,2.24,13.78,4776.83,96.88,0,0.15,7.04,2.84,0
South Gloucestershire Council,1421.4,3068.46,490.56,5041.75,1259.6,375.95,16.96,20.4,0,106.06,6.82,29.73,859.54,389.54,0,32.62,88.48,655.44,0
Derbyshire Dales District Council,0,688.205,0,1751.4,0,9.22,0,0,0,0,0,0,1100,15.375,0,0,0,0,0
Lewes District Council,541.198,866.02,68.545,317.28,0,4.479,0,0,0,0,0,0,0,21.64,0,0.853,81.728,0,0
Tendring District Council,418.16,1294.31,0,668.04,0,0,0,0,0,0,0,0,169.58,36.545,110.6,0.569,0,0,0
Forest of Dean District Council,520.18,588.67,108.9,2144.02,0,8.2,0.24,0,0,0,0,5.3,0,45.96,55.83,2.39,47.34,0,0
Rushmoor Borough Council,477.14,7.06,0,509,0,3,0,0,0,0,0,0,1206.24,46.4,0,0,0,0,0
Bromsgrove District Council,7.46,26.13,0.24,1415.14,0,4.6,0,0,0,0,0,19.49,2463.88,5.28,34.28,0,0,0,0
Three Rivers District Council,0,3.7,0,2666.05,0,4.91,0,0,0,0,0,0,2570.38,6.49,0,0,0,0,0
Isle of Wight Council,62.68,59.83,319.43,3099.71,0,233.98,7.72,6,0,19.7,1.2,472.972,3142,40.86,2.5,0,21,689.25,0
West Lancashire Borough Council,11.76,1173.093,3.33,2044.29,0,13.938,0,0,0,0,0,0.666,1391.95,25.12,10.64,0.221,0,0,0
North Yorkshire County Council,202.68,1262.375,885.899,2252.2,2183.84,742.489,28.992,29.447,0,60.22,9.85,79.04,2.72,165.934,0,0,92.96,262.612,0
Rushcliffe Borough Council,571.35,34.72,0,2312.54,0,0,3.33,0,0,0,0,13.55,1989.94,11.29,0,1.11,0,0,0
Newcastle-under-Lyme Borough Council,714.015,1026.688,159.456,3038.01,0,1.516,0,3.7,0,0,0,0,0,21.161,26.509,0.202,222.222,0,0
Epsom and Ewell Borough Council,502.77,508.76,90.29,1480.18,0,5.78,0,0,0,0,0,0,826.03,10.8,0,0,2.95,0,0
West Sussex County Council,0,1296.46,1416.96,5889.68,1317.85,1906.39,72.91,59.58,0,312.24,39.38,74.69,109.34,343.9,47.46,0,0,4716.98,0
Rochdale MBC,0,1723.34,0,3243.91,0,0,0,0,0,0,0,12.308,1956.732,53.636,0,0,0,0,0
Rotherham MBC,118.95,1881.226,240.403,2257.76,695.36,277.323,5.822,0,0,51.62,7.086,16.707,1589.832,110.792,0,0.995,118.694,851.43,0
Birmingham City Council,140.66,7173,413.36,6102.81,3005.16,587.72,2.2,0,0,0,2.65,73.69,5640.04,172.82,0,1.32,30.72,3508.53,0
Sutton LB,0,99.6,114.2,1581.84,573.29,140.64,3.01,0,0,5.12,1.82,0,4035.56,48.24,0,0.72,0,598.35,0
Cambridge City Council,8.926,36.491,0.666,2678.68,0,4.311,1.325,0,0,0,0,6.8,3060.28,160.44,0,0,1.704,0,0
Redditch Borough Council,6.49,10.46,0,0,0,7.01,0,0,0,0,0,2.3,2267.87,28.28,22.82,0,0,0,0
Lancashire County Council,249.16,1940.82,1602.411,1851.16,4289.42,1100.395,30.579,36.44,0,216.66,27.193,204.69,397.2,230.002,175.172,89.509,518.439,0,0.79
Lincolnshire County Council,96.139,508.125,550.233,3260.82,2096.93,957.366,7.575,0,177.28,232.22,7.102,20.6,0,116.292,36.64,214.811,164.35,1405.68,0
Nottingham City Council,27.94,71.59,96.24,2072.72,493.25,147.85,2.89,0,26.74,45.62,2.06,155.94,5067.21,19.73,0,0.65,58.28,2265.81,0
South Oxfordshire District Council,11.34,7.083,0,3737.32,0,8.06,0.83,0,0,0,0,0,4288.41,70.497,0,0,0.457,0,0
Mendip District Council,698.651,1150.583,96.8,1561,0,0,2.23,0,0,0,0,43.05,0,65.778,1.32,0,111.25,0,0
Stoke-on-Trent City Council,10.409,624.804,159.78,3147.44,766.48,275.979,6.176,0,66.72,64.36,2.22,20.012,3701.67,38.939,9.01,0.471,3.04,476.96,0
Runnymede Borough Council,17.104,93.51,0,1184.85,0,1.56,0,0,0,0,0,0,1727.8,18.87,19.61,0,0,0,0
Crawley Borough Council,0,0,0,361.44,0,18.42,0,0,0,0,0,0,1948.2,38.4,0,0,0,0,0
Trafford MBC,0,2847.02,0,6920.84,0,7.02,0,0,0,0,0,0,2623.86,7.25,0,0,0,0,0
Solihull MBC,1024.461,185.392,123.62,3953.86,475.4,158.116,0.42,0,0,17.56,3.588,63.798,3181.57,38.565,0,0,1.78,1599.76,23.12
Enfield LB,0,143.42,89.94,4208.88,0,161.08,8.14,0,0,0,3.14,0,6045.75,77.03,11.706,0,15.24,0,0
Bracknell Forest Borough Council,540.52,130.91,135.71,1866.57,0,167.92,5.79,4.99,61.07,30.5,3.27,65.05,1813.84,74.23,0,3.37,8.78,337.87,17.02
Allerdale Borough Council,188.98,1135.88,9.23,1198.2,0,3.58,0,0,0,0,0,0,771.86,0,0,0,0,0,0
Bolsover District Council,19.324,331.76,0,983.06,0,9.62,0,0,0,0,0,1.32,1361.64,6.393,0,0,0,0,0
Wyre Forest District Council,20.04,30.13,0,458.4,0,2.55,0,0,0,0,0,0,2648.5,18.42,0,0,0,0,0
Hyndburn Borough Council,433.56,732.4,2.68,335.93,24.81,17.03,0.92,0,0,0,0,0,296.48,1.62,19.52,0,0,0,0
North Kesteven District Council,36.86,0,0,2238.18,0,0,0,0,0,0,0,0,2847.24,7.383,0,0,0,0,0
Hambleton District Council,585.39,711.11,94.32,1955.59,0,1.9,0,0.236,0,0,0,0,0,25.076,0,1.32,99.77,0,0
South Somerset District Council,1065.379,1774.481,154.774,2259.22,0,0,2.87,0,0,0,0,74.919,0,92.213,21.032,0,184.91,0,0
Ipswich Borough Council,551.74,96.05,15.45,2190.56,20.98,48.36,0,0,0,2.4,0,0,2400.42,44.34,47.73,0,0,7.8,0
Waverley Borough Council,0,75.23,0,1817,0,4.4,0,0,0,0,0,0,3557,19.72,0,0,0,0,0
North Warwickshire Borough Council,0,401.36,0,1555.67,0,18.54,0,8.59,0,0,0,0,686.48,0,0,0,0,0,0
Hillingdon LB,105,300,152,3862,393,172,2,0,0,17,4,0,5167,176,0,107,10,222,0
Windsor and Maidenhead Borough Council,0,68.7,126.26,2754.68,0,160.1,6.56,0,35.92,18.96,1.42,13.1,3979.96,41.008,0,0,0,225.66,9.02
Eden District Council,0,668.66,0,882.92,0,2.74,0,0,0,0,0,0,558.28,12.74,0,0,49.06,0,0
High Peak Borough Council,596.39,0,0,1449.94,0,5.12,0,0,0,0,0,0,1467.94,6.58,68.02,1.18,0,0,0
Poole Borough Council,0,113.41,181.92,2358.1,735.13,236.74,5.1,1.3,0,23.4,0,12.36,3610.78,48.03,24.24,0,0,203.43,0
Eastbourne Borough Council,405.36,18.45,0,1190.22,0,1.7,0,0,0,0,0,0,1515.35,32.26,0,0,0,0,0
Gloucestershire County Council,105.75,669.51,742.846,1887.5,2033.6,660.268,14.014,0,378.84,250.28,12.228,28.944,0,72,0,0.147,23.31,1769.68,0
Dartford Borough Council,391.3,11.31,1.2,346.06,0,4.11,0,0,0,0,0,0,1623.08,15.46,0,0,0,0,0
Ribble Valley Borough Council,14.85,533.94,0.94,819.1,0,3.56,0,0,0,0,0,0,576.64,6.665,0,0,0,0,0
Scarborough Borough Council,0,0,0,1839.54,0,0,0,0,0,0,0,0,2874.64,0,0,0,0,0,0
Waveney District Council,489.65,0,0,3128.12,0,0,0,0,0,0,0,0,2532.1,4.01,0,0,0,0,0
Warwick District Council,687.28,1242.42,95.96,3253.74,0,0,0,0,0,0,0,0,208.28,22.11,0,0,265.3,0,0
Bury MBC,0,2161.84,0,3469.22,0,9.14,0,0,0,0,0,0,2216.88,6.52,0,0,0,0,0
Brent LB,6.97,90.38,52.11,2904.02,10.74,43.44,0,13.94,10.5,7.14,1,1.07,5786.9,111.38,0,15.68,1.54,31.22,0
Merton LB,15.78,101.51,61.37,1743.3,550.23,154.71,2.46,0,0,17.73,0,0,3993.7,114.14,0,37.84,21.77,471.4,0
East Devon District Council,1000.24,1073.433,172.23,1413.862,0,2.385,0,0,0,0,0,447.92,0,9.9,3.995,0,156.92,0,0
Rother District Council,483.67,11.855,3.35,1630.42,0,24.63,0,0,0,0,0,0,1683.98,49.469,0,0,0,0,0
Gloucester City Council,676.81,928.93,132.79,1757.18,14.36,17.18,0,0,0,0,0,41.77,0,44.84,96.82,0.4,195.92,0,0
Maidstone Borough Council,31.42,0,0,2899.61,0,2.04,0,0,0,0,0,0,3953.3,3.28,0,0,0,0,0
Wyre Borough Council,22.92,1288.39,0.026,2054.26,0,18.422,0,0,0,0,0,0.422,1088.19,25.512,62.468,0,0,0,0
Leicester City Council,44,309,295,719,842,200,3,2,0,55,4,21,4037,51,11,0,0,800,4
Great Yarmouth Borough Council,49.47,9.26,0,580.06,0,29.961,0,0.208,0,0,0,0,2165.12,2.076,0,0,0,0,0
Corby Borough Council,8.35,0,0,846.2,0,0,0,0,0,0,0,0,1665.07,14.73,0,0,0,0,0
Oxfordshire County Council,75.29,648.16,698.94,2064.8,2359.86,884.58,24.84,17.18,0,172.46,11.36,39.9,0,100.28,54.73,0,13.96,1114.13,0
Salford City Council MBC,0,2428,0,3770,0,0,0,0,0,0,0,0,2358,0,0,0,0,0,0
Sheffield City Council,124.6,4596.4,352.1,1899,1040.9,361.3,0,0,0,94,11.6,23.9,4493.3,80,0,0,0,0,0
Coventry City Council,0,132.23,197.89,3017.44,34.73,199.92,7.93,6.35,0,43.76,4.16,2.05,5504.6,150.87,0,0,0.51,1857.33,5.74
Hackney LB,557.42,162.511,122.94,1646.59,79.94,107.69,0,2.32,0,0,0,0,4434.43,135.441,18.231,169.13,0,0,0
Waltham Forest LB,0,125.397,104.04,2244.32,630.3,161.118,1.55,0,0,43.24,2.86,1.295,4699.85,169.963,16.101,0.846,10.44,786.02,10.95
East Cambridgeshire District Council,31.519,18.53,0,2291.66,0,0,0,0,0,0,0,32.204,2032.617,6.04,0,0,1.12,0,0
Redcar and Cleveland Borough Council,29.41,587.93,86.969,1441.19,423.5,101.622,0,7.627,0,27.42,1.8,38.42,1952.634,13.37,0,58.04,6.9,497.68,3.69
South Hams District Council,534.46,1211.231,3.69,2372.385,0,1.485,0,0,0,0,0,89.24,197.9,28.392,31.454,2.43,0,0,0
Basildon District Council,878.44,50.45,35.42,4064.77,194.66,17.302,1.652,2.217,0,0,0.139,0,3455.78,53.063,9.484,0.06,0,0,0
Kingston-upon-Hull City Council,7.32,207.06,225.49,3414.04,1014.55,335.81,7.58,8.64,0,82.74,3.65,10.08,4563.94,142.54,0,0.14,2.04,1054.48,0
Swale Borough Council,48.73,106.5,0,1572.82,0,1.8,0,0,0,0,0,0,3406.08,16.88,0,0,0,0,0
Rutland County Council,32.35,88.75,58.08,884.46,68.56,81.58,0.98,9.28,0,3.82,0,0.12,1086.24,10.03,10.05,33.61,15.28,160.88,0.24
Kings Lynn and West Norfolk Borough Council,0,13.72,0,2675.78,0,9.22,0,5.52,0,0,0,0,3873.28,53.17,0,0,0,0,0
Northampton Borough Council,1185.24,2138.23,339.56,3437.64,0,0,0.58,0,0,0,0,41.05,87.82,14.33,6.81,0,469.01,0,0
Vale of White Horse District Council,0,3.231,0,3000.62,0,6.6,0.66,0,0,0,0,0,3572.57,51.337,0,0,0,0,0
Sedgemoor District Council,674.662,1136.558,116.344,1991.61,0,0,1.34,0,0,0,0,44.897,0,39.355,15.103,0.524,208.47,0,0
Suffolk County Council,511.76,750.62,1087.484,2686.89,2633.37,1369.865,37.594,0,0,142.88,22.571,54.346,0,192.28,22.583,0.874,366.985,1784.92,0
Wigan MBC,18.41,250.12,280.86,4300.82,1032.49,348.62,12.3,16.67,0,70.76,5.92,41.49,6817.64,185.5,0,0,121.71,1211.36,36.25
Knowsley MBC,12.47,4.93,1.43,983.5,9.79,5.83,0,0.1,0,0,0,0,3025.46,24.34,0,8.14,0.14,0.31,0
Walsall MBC,0,155.46,137.62,3203.28,749.3,187.55,3.56,6.3,0,0,4,0,5698.9,40.78,0,0,0,439.4,0
Islington LB,0,76.565,67.84,1262.34,288.22,116.02,0,0,0,24.2,1.12,0,3417.19,85.896,53.485,0.4,13.2,303.56,0
West Berkshire District Council,1125.15,2376.23,239.08,4592.14,680.64,339.94,7.01,11.4,0,82.62,7.41,1.26,341.14,75.648,19.29,0.99,27.97,576.92,9.59
South Cambridgeshire District Council,0,905.41,0,4240.2,0,0.46,0,0,0,0,0,3.28,3214.92,8.48,0,0,3.95,0,0
Middlesbrough Borough Council,25.403,82.148,67.95,799.894,242.64,112.491,1.512,5.553,86.508,22.77,1.818,0,2357.338,5.465,0,30.42,7.719,533.123,0
Barrow-in-Furness Borough Council,0,189.24,0,576.48,0,0,0,0,0,0,0,0,1068.04,0,0,0,0,0,0
Torridge District Council,401.78,18.935,1.005,1302.36,0,2.051,0,0,0,0,0,189.32,744,4.902,6.949,0,0.272,0,0
Chelmsford Borough Council,921.68,1705.38,136.6,4401.75,0,0,0,0,0,0,0,0,0,16.36,0,0,349.2,0,0
Eastleigh Borough Council,811.32,0.17,0,1568.51,0,2.36,0,0,0,0,0,0,1932.14,74.45,0,0,0,0,0
Herefordshire Council,40.98,221.44,453.22,1557.5,621.66,134.28,11.89,7.78,0,83.12,3.04,0.4,4843.76,23.475,31.933,0.07,8.28,1046.48,0
Broxbourne Borough Council,435.08,868.98,5.4,1936.66,0,8.37,0,0,0,0,0,0,344.28,15.51,0,0,0,0,0
Kent County Council,327.83,1836.12,2340.49,5779.52,5627.01,1960.15,59.65,10.36,0,404.3,20.27,7.88,0,318.95,0,0.24,0,5481.39,0
Ashfield District Council,592.38,2.9,0,836.98,0,14.18,0,0,0,0,0,0,2038.06,8.31,0,0,1.28,0,0
Mid Suffolk District Council,979.77,164.654,65.815,2321.908,0,0,0,0,0,0,0,2.74,3493.24,34.056,0,0,0,11.94,0
Nuneaton and Bedworth Borough Council,28.256,1020.933,15.46,1982.54,0,14.145,0,0,0,0,0,0,1245.56,8.153,0,0,0,0,0
Wirral MBC,21.716,3.14,0,2583.63,0,26.696,0,0,0,0,0,0,7217.94,112.179,0,0.717,0,0,0
North Tyneside Council,1216.31,205.22,155.03,1756,706.82,192.89,0,5.07,0,76.4,0,0.52,2656.59,52.63,16.65,0,25.04,904.4,0
Bradford City MDC (MBC),173,2813.1,222,4756,1167,452,9.6,15.1,0,103.8,4.2,0,2107.1,443.5,112.13,50.9,0,922,15.8
Western Riverside Waste Authority,0,0,0,0,0,0,0,0,0,0,0,0,0,0,0,0,0,152.7,0
West London Waste Authority,0,20.26,0.46,145.66,92.51,0,0,0,0,0,0,0,0,0,0,10.56,0,0,0
Redbridge LB,0,77,117.3,2046.3,496.4,175.5,3.7,0,0,0,1.9,0,3121.2,42.6,0.7,0,19.7,237,1.3
Wokingham Council,626.45,215.05,284.82,2619.05,0,340.04,11.68,4.89,177.52,112.98,7.95,4.99,2452.54,135.12,0,4.38,19.47,693.39,36.47
South Lakeland District Council,161.32,361.06,12.1,2004.55,0,0,0,0,0,0,0,0,1476.13,0,0,0,75.4,0,0
Torbay Council,858.05,1203.38,249.44,2270.26,475.18,189.84,7.04,4.18,0,13.5,5.46,0,493.82,36.24,0,0,184.8,145.98,0.58
Maldon District Council,380.085,676.349,0.28,1238.64,0,0,0,0,0,0,0,0,189.752,17.522,0,0.368,0,0,0
Havant Borough Council,436.64,0,2.88,513.82,0,3.18,0,0,0,0,0,0,2045.44,66.854,0,0,24.73,0,0
North Hertfordshire District Council,0,1072.19,0,3615.8,0,8.555,0,0,0,0,0,0,2305.72,6.07,0,0,0,0,0
Dover District Council,0,1146.23,0,1219.33,0,5.86,0,0,0,0,0,0,1278.97,18.282,0,0,0,0,0
Charnwood Borough Council,57.489,40.298,0.576,2366.08,0,52.572,1.576,0,0,0,0,2.172,4411.11,69.588,5.921,0,0.206,0,0
Norfolk County Council,214.01,659.69,836.339,4456.998,544.15,1443.525,44.481,7.65,0,137.92,22.973,196.638,0,154.8,0,1.001,93.24,854.77,0
Mansfield District Council,168.387,6.5,0,979.88,7.22,0,0,0,0,0,0,11.57,1659.46,8.065,0,0,0,0,0
Cannock Chase Council,2.513,3.388,0,1578.46,0,0,0,0,0,0,0,0,2646.6,17.855,0,0,0,0,0
Swindon Borough Council,1053.73,1995.99,682.41,1886.9,852.64,326.11,7.37,5.8,0,42.38,0,0,0,27.5,35.34,0,428.67,1247.14,0
Wakefield City MDC,54.26,346.92,220.6,3182.65,1051.31,364.96,8.42,23.26,0,103.96,6.1,7.83,6531.08,324.59,0,10.42,93.17,109.27,20.1
Camden LB,0,75.52,43.14,1194.18,274.16,109.31,0,0,0,33.5,2.6,252.24,4768.94,135.2,5.28,0.08,5.36,319.62,0.41
Westminster City Council,1480.66,623.44,0,666.04,0,124.04,0.16,0,0,0,0,0,5948.09,72.4,0,0,3.18,0,0
Exeter City Council,548.66,207.48,0,480.28,0,1.17,0,0,0,0,0,147.53,1832.24,23.48,31.73,1.2,12.4,0,0
Southampton City Council,1023.23,153.7,337,1548.02,0,179.06,8.86,0,220.93,72.58,3.1,120.51,2809.59,65.58,0,0,16.76,410.26,0
Watford Borough Council,0,2.23,0,1405.17,0,8.9,0,0,0,0,0,0,1908.01,2.48,0,0,0,0,0
North Lincolnshire Council,896.641,1148.257,469.713,3380.13,707.22,316.177,10.36,7.088,0,21.06,3.46,149.675,1026.663,258.22,31.037,2.609,83.637,686.64,0
Melton Borough Council,0,0.695,0,734.642,0,2.741,0,0,0,0,0,1.166,1265.97,18.294,8.574,0,0,0,0
North Norfolk District Council,0,0,0,1854.88,0,10.453,0,1.22,0,0,0,0,2694.09,16.034,0,0,0,0,0
Ryedale District Council,413.03,574.31,104.01,1091.16,0,1.72,0,0,0,0,0,0,0,26.97,0,0.78,66.38,0,0
Daventry District Council,506.1,780.55,108.24,2120.34,0,0,0,0,0,0,0,0,0,0,7.55,0,149.47,0,0
Stafford Borough Council,0,687.7,6.08,2863.18,0,0,0,0,0,0,0,0,2622.28,0.23,0,0,0,0,0
Guildford Borough Council,40.6,180,0,3208.5,0,0,0,0,0,0,0,0,3541.24,0,0,0,0,0,0
Adur District Council,0,41.8,0,336.14,0,2.53,0,0,0,0,0,0,1360.8,23.3,0,0,0,0,0
Haringey LB,3.67,112.83,72.48,2030.22,513.9,120.08,1.69,2.22,0,56.29,1.6,0,5058.5,106.83,48.83,0,7.22,619.94,1.11
Bristol City Council,2619.46,4026.47,682.2,4933.58,1367.02,330.65,13.96,14.92,0,65.12,6.4,106.68,0,192.15,0,0,1148.48,1335.21,0
Council of the Isles of Scilly,9.25,0,7.17,0,0,3.8,0,0,0,0,0,0,0,2.4,0,0,0,0,0
Teignbridge District Council,778.56,1483.75,170.213,2988.2,9.9,6.75,1.665,0,0,0,0,346.916,0,40.461,23.444,2.224,282.45,0,0
Braintree District Council,505.31,86.829,0,4123.98,0,0,0,0,0,0,0,131.48,2626.88,30.577,0,0,0,0,0
Essex County Council,344.06,1445.214,1572.185,4902.28,6170.02,1688.611,39.565,77.06,0,382.32,64.842,0,0,329.68,154.631,0.977,18.084,0,35.4
Hampshire County Council,707.27,1667.14,3003.61,10770.94,0,1210.13,88.94,0,1825.97,472.02,29.37,1163.68,0,278.99,0,0,40.37,3391.08,0
Thanet District Council,49.45,1133.07,30.3,1299.24,0,15.01,0,0,0,0,0,0,964.96,26.1,0,0,0,0,0
Burnley Borough Council,15.34,661.42,0,465.24,0,3.34,0,0,0,0,0,0,718.76,4.22,8.62,0,0,0,0
Boston Borough Council,49.21,7.03,0,1032.4,0,4.017,0,0,0,0,0,0,1887.22,22.57,0,0,0,0,0
South Northamptonshire District Council,18,19.26,24.35,2818.82,0,21.107,0.614,0,68.86,0,0,0,2531.34,52.62,0,0,0.45,83.62,0
Tamworth Borough Council,14.394,3.107,0,1049.41,0,0,0,0,0,0,0,0,2029.16,29.5,0,0,0,0,0
Spelthorne Borough Council,0,0.65,0,1198.2,0,2.16,0,0,0,0,0,0,2370.88,35.13,2.82,0.47,0,0,0
Horsham District Council,52.92,44,0,2535.48,0,16.42,0,0,0,0,0,0,3387.33,30.98,18.33,0,0,0,0
Liverpool City Council,0,2.42,0,2702.18,0,0,0,0,0,0,0,405.93,6758.99,83.85,68.102,0.237,0,0,0
Barking and Dagenham LB,52.2,74.1,125.4,1078.89,516.8,437.58,1.9,0.4,0,0,0.6,0,2148.6,25.9,0.6,0,20.4,448.1,2.6
Royal Borough of Kingston upon Thames ,760.452,1920.302,177.196,2328.94,510.07,173.978,0.211,0,0,16.76,2.16,0,0,55.039,308.188,2.08,591.765,550.03,0
Wiltshire,2977.58,3792.57,1378.54,8315.14,173.83,769.1,38.53,41.15,109.98,245.2,10.58,0.01,3517.06,202.62,23.04,6.21,267.46,393.41,35.97
Cornwall,513.861,1104.841,1285.969,5512.54,2277.761,645.641,19.382,12.72,0,102.9,3.134,0,7921.211,86.89,57.684,0,48.24,498.498,0.584
Bedford,558.5,159.1,111.75,2741.98,203.48,184.09,8.76,0,0,27.22,4.24,43.39,2795.9,88.84,0,0,4.7,162.1,29.4
Central Bedfordshire,1267.66,224.9,258.77,4603.05,0,213.53,4.5,0,0,32.24,7.5,19.46,5218.04,81.76,0,0,11.7,610.04,26.01
Shropshire,990.1,2609.85,356.4,8681.87,789.88,467.09,18.96,17.78,0,49.78,9.98,40.55,2128.16,230.09,0,15.32,47.32,309.34,0
Cheshire East,125.39,531.06,362.94,8430.15,1328.56,547.26,15.23,0,0,0,9.55,273.7,9629.46,141.71,33.12,0,14.01,1853.92,0
Cheshire West and Chester,2336.51,3837.028,884.774,8955.73,1316.36,525.845,11.785,0.76,0,0,9.864,150.32,0,195.245,118.291,0,841.48,1872.3,9.204
Northumberland,1376.7,419.9,461.3,3367.9,1002.1,487.3,14.2,26,0,45.2,6.9,50,5319,703.1,0,2.3,126.8,383.6,0
County Durham,2404.79,520.64,508.69,3666.11,1818.2,497.65,9.4,39.63,0,256.06,6.21,110.67,9901.47,421.71,0,0,182.3,1892.14,0
Dorset Waste Partnership,3508.68,1198.34,1203.82,12477.71,2159.7,693.42,31.7,20.86,0,230.04,18.47,383.83,7229.93,302.84,41.12,1.66,106.88,1063.78,21.74
