,Glass,Paper & Card,Metal,Organic,Wood,WEEE,Batteries,Tyres,Soil,Plasterboard,Oil,Other Materials,Textiles,Co-mingled,Furniture,Plastic,Composite,Rubble,Paint
Luton Borough Council,535.82,170.62,251.18,2908.8599999999997,896.56,239.84000000000003,11.64,10.64,345.88,97.52,8.34,23.540000000000003,192.26999999999998,2559.2999999999997,0.0,0.0,0.0,0.0,0.0
Buckinghamshire County Council,84.9,1045.71,1067.1100000000001,6138.39,3347.5099999999998,937.25,59.690000000000005,29.94,0.0,323.02,23.93,113.92999999999999,184.74,0.0,75.91,3.2399999999999998,0.0,0.0,0.0
Chesterfield Borough Council,475.403,2.205,0.0,3267.62,0.0,0.0,0.0,0.0,0.0,0.0,0.0,0.68,11.238,1608.687,0.0,0.0,0.0,0.0,0.0
West Devon Borough Council,474.88,583.225,14.655,1440.8899999999999,1.3,2.9640000000000004,0.68,0.0,0.0,0.0,0.0,142.56,16.055,0.0,32.046,86.296,0.524,0.0,0.0
Bournemouth Borough Council,49.34,189.26,402.96999999999997,3919.5099999999998,1172.76,235.34000000000003,8.9,5.7,0.0,103.24,3.4,135.64,52.98,4223.76,12.53,43.31,0.0,1394.72,0.0
Colchester Borough Council,1111.91,1870.778,155.9,2516.16,0.0,7.69,0.0,0.0,0.0,0.0,0.0,261.08,52.428,0.0,0.0,392.68,2.563,0.0,0.0
Fareham Borough Council,501.98999999999995,37.870000000000005,0.261,1149.52,0.0,6.12,0.0,0.0,0.0,0.0,0.0,0.0,65.336,1789.3799999999999,0.0,0.607,0.0,0.0,0.0
Dacorum Borough Council,1029.88,1008.75,97.38999999999999,3901.0,0.0,10.209,0.0,0.0,0.0,0.0,0.0,0.0,14.579999999999998,0.0,0.0,296.5,5.97,0.0,0.0
Medway Borough Council,156.98,603.9200000000001,412.66,7546.21,1612.3,391.63,15.84,21.31,0.0,93.18,15.12,13.0,105.78,4322.099999999999,26.3,185.22,166.05999999999997,2180.0,0.0
Lancaster City Council,70.80000000000001,1146.0900000000001,0.18,3403.28,6.14,17.081,0.0,0.0,0.0,0.0,0.0,0.0,12.984,1105.02,72.405,0.0,3.801,0.0,0.0
South Holland District Council,35.95,27.032,7.19,86.84,0.0,0.0,0.0,0.0,0.0,0.0,0.0,118.07,35.387,2206.9,0.0,0.0,0.0,0.0,0.0
Bassetlaw District Council,216.63999999999996,3.7,0.0,0.0,0.0,0.0,0.0,0.0,0.0,0.0,0.0,322.01,19.06,1577.68,0.0,0.0,0.19,0.0,0.0
Woking Borough Council,34.32,26.91,2.06,2781.96,0.0,2.48,0.0,0.0,0.0,0.0,0.0,9.0,31.657000000000004,2415.743,0.0,2.13,2.022,0.0,0.0
South Tyneside MBC,37.8,635.4,120.60000000000001,3394.5,916.0,187.2,3.0,8.0,0.0,23.1,4.9,0.0,25.5,2490.2,12.1,14.8,0.0,1303.7,0.0
Calderdale MBC,1235.4099999999999,1361.02,387.07000000000005,3677.46,817.59,198.29,3.29,9.34,0.0,116.58,6.3,77.6,83.1,0.0,0.0,234.75,0.0,1270.16,12.76
Ealing LB,1333.91,2488.75,479.41999999999996,3282.21,32.52,235.68,3.87,0.0,0.0,20.92,5.1,125.41,392.42999999999995,362.75,1.65,745.41,81.42,0.0,0.0
Southwark LB,0.0,122.36,68.32000000000001,2537.17,468.432,62.16,2.14,1.6,0.0,31.56,0.8600000000000001,8.38,66.997,4716.62,0.0,0.0,0.24,660.74,0.223
Milton Keynes Council,1139.72,322.13,567.3299999999999,8711.36,1669.94,318.75,15.26,21.24,0.0,89.55,12.56,64.44,134.1,4859.02,0.0,65.69,0.0,1425.2299999999998,0.0
North East Derbyshire District Council,0.0,569.16,0.0,3554.7,0.0,8.42,0.0,0.0,0.0,0.0,0.0,1.3,0.0,1581.48,0.0,0.0,0.0,0.0,0.0
Hastings Borough Council,453.65999999999997,19.509,2.58,569.56,0.0,14.470000000000002,0.0,0.0,0.0,0.0,0.0,0.0,45.16,1256.9199999999998,0.0,0.0,0.0,0.0,0.0
Rochford District Council,25.46,29.94,0.0,4040.56,0.0,8.188,0.011,1.042,0.0,0.0,0.0,0.0,41.219,2226.788,6.59,0.0,0.0,0.0,0.0
Cheltenham Borough Council,777.96,1154.39,170.66,3001.43,385.0,151.25000000000003,5.0,0.0,0.0,0.0,2.43,75.16,92.89999999999999,0.0,65.52,124.32,2.49,0.0,0.0
New Forest District Council,1383.1399999999999,185.44,0.0,856.01,0.0,17.08,0.0,0.0,0.0,0.0,0.0,0.0,128.92,2536.37,0.0,0.0,0.0,0.0,0.0
St Albans City and District Council,995.11,1512.91,0.0,4003.26,0.0,5.970000000000001,0.0,0.0,0.0,0.0,0.0,0.0,17.15,462.7,0.0,3.966,3.08,0.0,0.0
North East Lincolnshire Council,731.255,1050.942,141.62199999999999,4892.900000000001,627.8199999999999,205.17000000000002,5.180000000000001,0.0,0.0,27.36,1.9,0.0,14.523,290.206,0.0,24.759999999999998,0.12,154.42,0.0
Rossendale Borough Council,0.0,547.153,0.0,930.1,0.0,0.0,0.0,0.0,0.0,0.0,0.0,0.0,8.147,823.9599999999999,0.1,0.0,0.0,0.0,0.0
Newark and Sherwood District Council,444.42999999999995,8.07,3.66,614.32,0.0,0.0,0.0,0.0,0.0,0.0,0.0,224.27,12.8,1916.1599999999999,0.0,0.0,0.75,0.0,0.0
East Staffordshire Borough Council,3.191,506.284,5.889,3944.57,0.0,3.6,0.0,0.0,0.0,0.0,0.0,99.934,11.844,2275.1800000000003,15.359,0.12,0.0,0.0,0.0
Surrey County Council,152.0,1781.0,2161.0,12033.0,0.0,1972.0,77.0,124.0,0.0,317.0,45.0,103.0,722.0,0.0,0.0,210.0,152.0,7028.0,0.0
Manchester City Council MBC,29.87,3394.69,0.0,7859.38,0.0,67.56,0.0,0.0,0.0,0.0,0.0,0.0,221.64,3512.19,0.0,0.0,0.0,0.0,0.0
Barnsley MBC,1432.44,1990.2199999999998,549.9,6215.539999999999,576.7,295.66,5.800000000000001,0.0,0.0,36.4,5.91,0.0,100.1,0.0,0.0,432.48,0.69,957.9,0.0
Havering LB,392.68,217.26,150.42000000000002,3648.94,929.63,195.79,4.67,11.24,0.0,0.0,4.97,414.175,59.629999999999995,3391.2,4.42,42.25,0.0,77.13,0.97
Wealden District Council,527.793,12.048,0.0,4672.05,0.0,3.9400000000000004,0.0,0.0,0.0,0.0,0.0,0.06,33.214,3288.414,7.93,0.0,0.0,0.0,0.0
Uttlesford District Council,0.0,0.423,0.84,1563.14,0.0,0.0,0.0,0.0,0.0,0.0,0.0,210.281,22.165,2482.3,0.0,0.0,0.0,0.0,0.0
Stroud District Council,0.0,1191.1,18.16,25.92,0.0,37.26,0.0,0.0,0.0,0.0,0.0,46.31,112.69,1358.04,87.11,0.0,0.0,0.0,0.0
Test Valley Borough Council,568.22,2.34,0.393,860.06,0.0,7.42,0.0,0.0,0.0,0.0,0.0,0.0,107.17,2008.34,0.0,0.0,2.118,0.0,0.0
Welwyn Hatfield Council,45.99,619.18,3.24,3269.95,0.0,6.725,0.0,0.0,0.0,0.0,0.0,0.0,19.04,1546.06,0.0,5.4,0.0,0.0,0.0
York City Council,1219.8600000000001,2122.65,474.33,5861.52,928.48,243.57,6.68,0.0,0.0,10.26,2.46,0.0,95.08,0.0,0.0,561.3100000000001,2.39,322.08000000000004,0.0
Cherwell District Council,795.24,8.36,6.79,5712.6,0.0,14.97,2.09,0.0,0.0,0.0,0.0,104.25,164.41000000000003,2711.77,0.0,3.02,0.0,0.0,0.0
Telford and Wrekin Council,19.34,1775.39,151.86,5620.53,826.04,269.64,3.69,22.6,271.88,52.46,8.11,8.98,84.62,1907.11,22.34,13.67,0.47,532.96,40.84
South Staffordshire Council,74.08,33.11,0.0,4357.0,0.0,5.48,0.0,0.0,0.0,0.0,0.0,200.02,2.6,2833.12,0.0,0.0,0.0,0.0,0.0
Mole Valley District Council,0.0,39.08,0.0,2277.76,0.0,3.34,0.0,0.0,0.0,0.0,0.0,9.0,6.9799999999999995,2439.14,0.0,0.0,0.0,0.0,0.0
Arun District Council,0.0,0.0,0.0,1962.7,0.0,10.49,0.0,0.0,0.0,0.0,0.0,0.0,39.72,3528.06,0.0,0.0,0.0,0.0,0.0
Stockport MBC,2.2,3587.82,0.0,10485.26,0.0,7.12,0.0,0.0,0.0,0.0,0.0,0.0,23.684,3194.185,0.0,0.0,0.0,0.0,0.0
Dudley MBC,1551.065,2916.656,191.704,8822.4,862.01,182.40699999999998,9.09,10.28,0.0,59.9,4.109999999999999,9.27,63.28999999999999,719.698,0.0,1.02,30.267,950.32,0.0
Lewisham LB,12.97,56.31,18.79,530.04,183.06,71.54,1.72,0.0,0.0,0.0,0.0,293.49,37.75,4915.2699999999995,0.0,3.82,168.41,158.55,0.0
North Somerset Council,1576.2199999999998,3491.21,637.5,8019.18,1649.11,438.78,9.02,1.57,0.0,60.68,10.0,21.64,100.82000000000001,0.0,0.0,647.0,0.23,1206.3,86.0
Fenland District Council,53.620000000000005,17.180999999999997,0.0,4002.46,0.0,0.0,0.0,0.0,0.0,0.0,0.0,6.114,23.683,2254.714,0.0,3.62,0.0,0.0,0.0
Halton Borough Council,16.130000000000003,121.94,155.67000000000002,2751.75,685.46,142.97,5.73,8.78,0.0,40.42,3.7199999999999998,29.79,162.42000000000002,2068.5,0.0,87.42,67.21,691.68,0.35
Derbyshire County Council,65.795,676.47,836.14,4261.88,2860.37,856.392,23.33,76.88,23.39,203.87,26.82,234.91,195.58,0.0,0.0,336.22,1.24,2190.37,6.92
Southend-on-Sea Borough Council,25.0,118.0,142.0,4587.0,974.0,166.0,0.0,0.0,0.0,146.0,0.0,183.0,12.0,4048.0,0.0,83.0,0.0,595.0,0.0
Worcester City Council,30.94,11.13,0.3,547.34,0.0,1.63,0.0,0.0,0.0,0.0,0.0,88.83999999999999,28.41,2348.36,15.83,0.0,0.0,0.0,0.0
Chorley Borough Council,58.17,896.0600000000001,0.0,3435.2,0.0,32.83,0.0,0.0,0.0,0.0,0.0,0.0,5.85,1535.76,17.77,0.88,0.69,0.0,0.0
East Lindsey District Council,594.4300000000001,36.772,0.0,4818.88,0.0,0.0,0.0,0.0,0.0,0.0,0.0,328.63,54.025,2704.9,0.0,0.0,0.441,0.0,0.0
West Oxfordshire District Council,603.42,807.53,61.29,4313.22,0.0,4.7,0.0,0.0,0.0,0.0,0.0,158.45,49.671,1066.75,0.0,229.37,0.0,0.0,0.0
Taunton Deane Borough Council,748.099,1102.13,99.489,2123.34,0.0,0.0,1.095,0.0,0.0,0.0,0.0,29.029999999999998,45.043,0.0,15.193,140.205,0.0,0.0,0.0
Surrey Heath Borough Council,9.55,47.51,6.26,1611.96,0.0,7.779999999999999,0.0,0.0,0.0,0.0,0.0,27.0,48.22,2649.64,0.0,5.36,0.0,0.0,0.0
Mid Sussex District Council,0.0,16.48,0.0,1704.91,0.0,6.56,0.0,0.0,0.0,0.0,0.0,0.0,11.44,3386.38,0.0,0.0,0.0,0.0,0.0
Wolverhampton MBC,0.0,140.78,127.41,8318.88,1075.58,156.04,0.0,8.14,0.0,116.62,6.2,0.0,117.92999999999999,4925.870000000001,0.0,38.56,0.0,1073.78,0.0
Bexley LB,999.0,2843.0,260.0,7149.0,1254.0,248.0,6.0,13.0,0.0,20.0,7.0,304.0,388.0,1497.0,0.0,72.0,94.0,1449.0,0.0
Reading Borough Council,676.25,116.71,193.85,2491.29,745.84,193.4,9.76,5.82,153.16,65.38,3.71,4.96,107.64999999999999,2683.73,0.0,15.62,6.0200000000000005,659.81,35.2
Carlisle City Council,618.5,1043.6,137.02,3031.86,0.0,0.0,0.0,0.0,0.0,0.0,0.0,102.908,0.0,0.0,0.0,278.38,0.0,0.0,0.0
Derby City Council,11.09,181.59,187.11,3197.09,971.56,328.85999999999996,11.94,18.790000000000003,0.0,75.8,9.33,33.07,43.96,4945.16,0.0,110.74,0.27,59.18,1.99
East Sussex County Council,163.06,642.22,875.32,4237.97,1183.96,1052.05,37.14,20.92,743.566,127.26,21.59,118.019,56.53,0.0,0.0,10.08,0.0,1915.43,15.67
Worcestershire County Council,58.76,655.25,1091.983,7241.08,3028.98,487.991,29.674,0.0,0.0,279.3,20.840999999999998,0.0,127.29,6.68,9.055,0.0,0.077,4954.86,0.0
East Riding of Yorkshire Council,234.91,491.09400000000005,539.6600000000001,17449.08,2102.0,641.3900000000001,17.060000000000002,46.04,243.54,158.96,13.53,0.0,151.783,7985.139999999999,0.0,13.330000000000002,0.0,2839.92,0.0
Ashford Borough Council,124.53,89.94,4.46,2715.94,0.0,18.71,0.0,0.0,0.0,0.0,0.0,0.0,15.44,3317.7,0.0,0.0,0.0,0.0,0.0
Pendle Borough Council,29.44,737.54,0.47,853.46,0.0,32.93,0.0,0.0,0.0,0.0,0.0,0.0,13.51,986.4,52.71,1.06,8.3,0.0,0.0
South Kesteven District Council,0.0,10.395,0.093,3340.06,0.0,0.0,0.0,0.0,0.0,0.0,0.0,197.28,19.806,3846.16,0.0,0.0,4.92,0.0,0.0
Richmondshire District Council,326.44,455.32,82.46499999999999,954.22,0.0,1.54,0.0,0.0,0.0,0.0,0.0,0.0,35.108,0.0,0.0,100.02499999999999,1.396,0.0,0.0
Harrogate Borough Council,356.79,43.736,3.1,3859.0,0.0,4.686999999999999,0.0,0.0,0.0,0.0,0.0,0.0,36.258,2733.82,12.767,2.52,1.474,0.0,0.0
St Edmundsbury Borough Council,509.53100000000006,228.101,0.0,4218.0,0.0,24.830000000000002,0.0,0.0,0.0,0.0,0.0,270.892,31.316,2053.28,0.0,2.24,0.577,0.0,0.0
Rugby Borough Council,0.0,0.0,0.0,3414.82,0.0,0.0,0.0,0.0,0.0,0.0,0.0,150.18,11.469999999999999,2715.98,0.0,0.0,0.0,0.0,0.0
Greater Manchester WDA (MBC),0.0,1691.65,2095.37,5770.67,10482.96,2655.93,54.5,119.18,0.0,619.16,50.84,0.0,730.05,236.94,35.69,196.63,15.98,11474.6,0.0
Greenwich LB,0.0,57.660000000000004,92.35000000000001,4671.42,585.6,138.82999999999998,3.46,5.91,0.0,43.5,4.08,575.09,58.169999999999995,5156.86,1.035,20.62,0.0,939.86,0.0
Tower Hamlets LB,0.0,9.84,6.7,323.78,231.09,51.5,0.68,0.0,0.0,0.0,0.76,0.0,94.31,3064.18,0.0,2.46,0.0,0.0,0.52
Bath and North East Somerset Council,1191.98,2358.462,452.038,4648.620000000001,1276.42,299.254,9.34,12.342,0.0,83.03,6.35,18.14,106.205,0.0,1.86,347.652,0.14,1563.1799999999998,0.0
South Derbyshire District Council,51.04,825.4100000000001,4.25,3692.6600000000003,0.0,0.63,0.0,0.0,0.0,0.0,0.0,0.3,41.33,1045.86,7.75,8.53,1.24,0.0,0.0
Cotswold District Council,739.47,979.13,152.17999999999998,4063.88,0.0,13.919999999999998,0.0,0.0,0.0,0.0,0.0,30.28,54.54,0.0,29.89,147.38,1.19,0.0,0.0
South Ribble Borough Council,3.23,939.18,0.0,3607.26,0.0,0.6,0.0,0.0,0.0,0.0,0.0,24.12,8.120000000000001,1520.0,19.98,0.0,5.04,0.0,0.0
Harborough District Council,0.0,537.506,0.0,3764.311,0.0,1.97,0.0,0.0,0.0,0.0,0.0,216.923,37.744,1713.9579999999999,1.375,0.0,0.0,0.0,0.0
Breckland Council,445.808,10.63,0.04,2529.37,0.0,7.38,0.0,2.28,0.0,0.06,0.0,0.43,13.7,2440.3,0.0,0.0,0.56,0.0,0.0
Oldham MBC,0.0,1883.24,0.0,4154.599999999999,0.0,0.0,0.0,0.0,0.0,0.0,0.0,0.0,0.0,2078.3199999999997,0.0,0.0,0.0,0.0,0.0
Doncaster MBC,60.33,386.95400000000006,297.50600000000003,9472.699999999999,1136.46,368.254,8.13,14.42,0.0,78.59,7.494,3.037,127.162,4558.61,21.692,118.22,0.532,2427.48,0.0
Hounslow LB,846.296,1679.2409999999998,534.486,3373.46,9.95,123.427,9.168,0.0,0.0,11.56,6.615,1206.06,213.43800000000002,15.88,46.0,542.78,98.137,218.56,0.0
Cambridgeshire County Council,106.105,722.54,900.1419999999999,3781.94,3095.91,1083.052,45.983000000000004,0.0,1442.36,198.32,26.348999999999997,0.0,139.76,0.0,139.934,255.759,0.0,3240.62,8.512
North Devon District Council,753.052,993.5310000000001,109.57600000000001,3161.692,0.0,10.703,0.0,0.0,0.0,0.0,0.0,0.0,37.247,0.0,38.688,132.199,0.109,0.0,0.0
Tewkesbury Borough Council,0.0,0.6,2.38,2492.04,0.0,8.33,0.0,0.0,0.0,0.0,0.0,33.684,49.8,2123.32,38.67,0.0,0.0,0.0,0.0
Sevenoaks District Council,603.8100000000001,178.45,0.0,1399.62,0.0,20.54,0.0,0.0,0.0,0.0,0.0,0.0,48.266,1663.16,0.0,0.0,0.0,0.0,0.0
North West Leicestershire District Council,560.394,823.5409999999999,38.842,3609.5,0.0,12.288,0.0,0.0,0.0,0.0,0.0,62.537,20.571,187.93,15.813,113.569,1.003,0.0,0.0
Norwich City Council,771.82,0.0,0.02,1542.54,0.0,10.58,0.0,2.26,0.0,0.0,0.0,0.0,0.0,1912.62,0.0,0.0,1.17,0.0,0.0
East Northamptonshire Council,0.0,0.0,0.0,1082.1599999999999,0.0,0.0,0.0,0.0,0.0,0.0,0.0,0.0,9.42,2188.7,0.0,0.0,0.0,0.0,0.0
Oxford City Council,31.32,41.78,13.51,2086.79,0.0,18.4,1.63,0.0,0.0,0.0,0.0,216.15,152.07,4018.9,0.0,7.97,0.0,0.0,0.0
Somerset County Council,235.34,1013.78,1201.6400000000003,8967.67,1666.01,1049.21,26.391,0.0,0.0,180.13000000000002,20.38,141.25,207.27,0.0,0.0,25.0,7.278,0.0,0.0
Tameside MBC,0.0,1898.1380000000001,0.0,4315.21,0.0,6.96,0.0,0.0,0.0,0.0,0.0,0.0,4.04,2300.34,0.0,0.0,0.0,0.0,0.0
Sandwell MBC,35.71,174.21,228.05,6980.56,1067.12,141.82000000000002,8.04,34.3,586.28,69.4,4.58,7.38,132.91,6544.66,0.0,37.93,147.42,782.02,0.0
Bromley LB,124.74,3105.4500000000003,233.14,7132.719999999999,1113.36,290.86,0.0,0.0,0.0,32.7,4.3,176.18,38.29,2992.58,0.0,0.0,80.28,0.0,0.0
Newham LB,5.76,132.37,257.41,337.62,787.84,160.82,25.380000000000003,23.42,0.0,0.0,2.37,909.77,42.99,3180.82,0.92,20.18,0.0,68.52,1.66
Huntingdonshire District Council,0.0,1.47,0.0,6871.400000000001,0.0,1.0,0.0,0.0,0.0,0.0,0.0,1.97,65.53,4543.78,0.0,1.29,0.0,0.0,0.0
Hartlepool Borough Council,531.6,66.93,67.25999999999999,2383.1000000000004,357.59000000000003,100.10000000000001,0.0,19.13,0.0,0.0,1.6,152.26,18.68,1527.51,0.0,48.13,8.850000000000001,541.26,0.0
Stockton-on-Tees Borough Council,798.34,1361.49,236.91,3622.79,570.7,151.75,2.58,8.86,0.0,0.0,3.72,0.0,38.690000000000005,0.0,0.0,242.8,33.489999999999995,3461.02,0.0
Cumbria County Council,19.84,427.23,674.036,1549.46,1936.26,802.16,21.189999999999998,39.8,0.0,296.36,20.2,4.236,140.76,0.0,0.0,43.44,0.0,4016.32,36.507000000000005
Mid Devon District Council,484.58,478.329,48.425,2990.341,0.0,11.43,1.647,0.0,0.0,0.0,0.0,54.88,30.877,34.002,0.0,31.781000000000002,20.44,0.0,0.0
Brentwood Borough Council,499.89000000000004,0.0,4.095,1506.82,0.0,9.293999999999999,0.0,1.025,0.0,0.0,0.0,174.386,17.058,1652.36,35.341,0.0,0.0,0.0,0.0
Basingstoke and Deane Borough Council,1007.0899999999999,68.97,0.61,596.56,0.0,52.622,0.0,0.0,0.0,0.0,0.0,2.2030000000000003,130.333,2193.52,55.828,2.23,0.22,0.0,0.0
Wychavon District Council,55.48,41.2,2.87,1566.16,0.0,5.89,0.0,0.0,0.0,0.0,0.0,16.53,50.67,3423.84,19.47,0.0,0.0,0.0,0.0
Tonbridge and Malling Borough Council,595.21,729.71,72.07000000000001,3691.75,0.0,62.800000000000004,0.0,0.0,0.0,0.0,0.0,0.0,44.73,0.0,0.0,84.24,0.0,0.0,0.0
Wellingborough Borough Council,38.735,7.62,0.0,2077.1,0.0,0.0,0.0,0.0,0.0,0.0,0.0,0.0,44.274,1949.04,0.0,0.0,0.0,0.0,0.0
West Somerset District Council,301.938,465.206,38.205,506.12,0.0,0.0,0.84,0.0,0.0,0.0,0.0,4.101999999999999,5.275,0.0,6.454,56.027,0.0,0.0,0.0
Forest Heath District Council,255.99999999999997,89.345,1.03,2012.71,0.0,0.0,0.0,0.0,0.0,0.0,0.0,250.836,16.111,998.78,0.0,11.59,0.206,0.0,0.0
Warwickshire County Council,96.34,887.37,746.16,2373.92,2435.52,634.5999999999999,31.43,3.83,0.0,139.51,22.89,0.15,703.71,0.0,25.5,74.25999999999999,2.48,0.0,0.0
St Helens MBC,997.3,1463.3000000000002,179.10000000000002,4774.200000000001,0.0,3.5999999999999996,0.0,0.0,0.0,0.0,0.0,200.6,7.5,0.0,0.0,173.3,0.0,1100.5,0.0
Gateshead MBC,63.040000000000006,1077.6299999999999,168.93,4131.37,746.23,223.19,3.71,4.62,0.0,55.84,3.78,13.26,70.25,2988.76,0.0,87.52000000000001,7.37,630.77,0.0
Hammersmith and Fulham LB,0.0,30.37,27.86,170.05,0.0,68.51,1.26,0.0,0.0,0.0,0.49,62.34,63.349999999999994,2900.7200000000003,0.0,2.19,0.17,0.0,0.0
Wandsworth LB,4.86,78.86,44.970000000000006,344.32000000000005,0.0,95.38000000000001,2.13,0.96,0.0,0.0,0.83,262.67,85.19,4815.77,0.0,0.77,0.3,0.0,0.0
Slough Borough Council,0.0,38.22,135.3,1704.54,271.44,50.45,3.6399999999999997,0.0,0.0,20.4,2.24,0.28,92.72999999999999,2275.22,0.0,3.14,52.62,93.98,14.17
Aylesbury Vale District Council,0.0,0.0,0.0,3396.46,0.0,0.0,0.0,0.18,0.0,0.0,0.0,0.0,50.31,4238.88,0.0,0.0,0.0,0.0,0.0
Peterborough City Council,74.74000000000001,116.74000000000001,151.74,4662.3,759.35,47.599999999999994,5.640000000000001,0.0,346.64,48.14,3.24,91.89999999999999,51.839999999999996,4021.39,0.0,0.0,0.0,653.14,0.0
Copeland Borough Council,382.06,525.67,60.7,2000.88,0.0,4.05,0.0,0.0,0.0,0.0,0.0,95.263,9.66,0.0,0.0,69.26,0.0,0.0,0.0
Devon County Council,235.87,1280.465,1488.609,9476.13,4858.78,1995.8500000000001,39.896,18.376,0.0,185.529,30.941,455.428,829.649,0.0,0.0,301.635,257.456,1485.284,0.0
Epping Forest Borough Council,862.57,15.665,1.32,4896.66,0.0,12.193999999999999,0.0,0.0,0.0,0.0,0.0,264.327,24.691,2520.86,14.505,0.0,0.821,0.0,0.0
Gosport Borough Council,248.24,40.83,0.0,97.0,0.0,3.01,0.0,0.0,0.0,0.0,0.0,0.0,60.9,1157.32,0.0,0.0,0.0,0.0,0.0
Malvern Hills District Council,148.57,14.18,0.1,569.12,0.0,3.57,0.0,0.0,0.0,0.0,0.0,172.83,15.93,1715.68,0.0,0.0,0.0,0.0,0.0
East Hertfordshire District Council,0.0,791.9000000000001,0.0,4159.74,0.0,4.025,0.0,0.0,0.0,0.0,0.0,0.0,17.24,2068.68,0.0,0.0,0.0,0.0,0.0
Canterbury City Council,106.50999999999999,1186.79,0.0,4902.75,0.0,10.31,0.0,0.0,0.0,0.0,0.0,0.0,26.592000000000002,1788.1000000000001,0.0,0.0,0.0,0.0,0.0
Blackpool Borough Council,86.24,1187.1200000000001,108.92500000000001,2542.82,529.56,174.76399999999998,4.28,0.0,119.76,18.94,1.48,14.39,64.92,1496.54,31.188,31.94,10.232,153.74,4.88
Leicestershire County Council,99.46,969.478,1198.1100000000001,6064.08,0.0,1077.114,35.983000000000004,0.0,0.0,350.02,26.842,11.888,232.065,0.0,24.244,28.032,0.0,0.0,0.0
Blaby District Council,76.046,91.905,11.201,2435.635,0.0,6.884,1.707,0.0,0.0,0.0,0.0,212.364,101.89800000000001,2187.06,28.502,7.5329999999999995,0.0,0.0,0.185
Broxtowe Borough Council,482.82000000000005,4.470000000000001,1.88,1273.58,0.0,6.0,0.0,0.0,0.0,0.0,0.0,235.64,7.5,1824.72,0.0,0.0,0.3,0.0,0.0
Suffolk Coastal District Council,951.53,13.75,141.23,4544.0599999999995,23.35,3.0,2.62,0.5,0.0,3.48,0.0,498.86,24.235999999999997,2377.04,0.0,0.0,0.426,0.0,0.0
Stratford-on-Avon District Council,2.1319999999999997,1.805,0.0,5873.31,0.0,9.67,0.0,0.0,0.0,0.0,0.0,200.75,4.323,3476.5980000000004,0.0,0.0,0.0,0.0,0.0
Sunderland City Council,0.0,159.38,115.32,5451.75,855.13,169.61,0.9100000000000001,7.73,0.0,62.96,2.98,79.83000000000001,37.42999999999999,4692.740000000001,0.0,63.03,21.450000000000003,1136.94,0.0
Kirklees MBC,1366.0,314.0,303.0,5461.0,1316.0,342.0,9.0,26.0,0.0,152.0,6.0,40.0,50.0,5767.0,0.0,21.0,1.0,3267.0,16.0
Wycombe District Council,0.0,1606.8,0.0,5446.58,0.0,0.0,0.0,0.0,0.0,0.0,0.0,0.0,55.0,1847.23,0.0,0.0,0.0,0.0,0.0
Portsmouth City Council,608.4399999999999,186.51,242.76000000000002,1513.43,0.0,153.10999999999999,5.24,0.0,0.0,49.47,3.4,149.08,102.51,2196.52,0.0,1.11,0.0,1148.17,0.0
Stevenage Borough Council,463.68,757.59,0.0,1904.54,0.0,4.9110000000000005,0.0,0.0,0.0,0.0,0.0,0.0,15.670000000000002,216.37,0.0,0.0,0.0,0.0,0.0
Gravesham Borough Council,234.336,15.11,1.9,1373.04,0.0,17.93,1.42,0.0,0.0,0.0,0.0,0.0,17.4,1427.42,0.0,0.0,0.0,0.0,0.0
Hinckley and Bosworth Borough Council,38.61,1108.265,3.59,4150.172,0.0,7.872,0.0,0.0,0.0,0.0,0.0,281.359,48.54,1265.14,0.0,0.0,0.0,0.0,0.0
Broadland District Council,614.17,103.921,0.0,3820.7999999999997,0.0,2.16,0.0,0.0,0.0,0.0,0.0,0.068,48.47,2099.4199999999996,0.0,4.199,1.0,0.0,0.0
Northamptonshire County Council,82.97,859.82,947.2799999999999,4711.049999999999,0.0,927.24,38.38,11.14,0.0,274.46,29.84,477.64,148.3,0.0,0.0,323.83000000000004,0.29,4092.0,130.2
Lichfield District Council,2.0869999999999997,3.61,0.0,3573.6099999999997,0.0,3.47,0.0,0.0,0.0,0.0,0.0,199.4,15.458,2871.91,0.0,0.0,0.0,0.0,0.0
Elmbridge Borough Council,0.0,3.44,0.0,3072.66,0.0,7.564,0.0,0.0,0.0,0.0,0.0,19.0,18.18,3541.91,0.0,0.0,0.59,0.0,0.0
City of London,0.0,0.0,0.0,26.23,0.0,3.24,0.0,0.0,0.0,0.0,0.0,81.88,3.37,250.87,0.0,0.0,0.0,0.0,0.0
Royal Borough of Kensington and Chelsea,0.0,40.58,35.120000000000005,350.64,0.0,66.9,1.69,0.18,0.0,0.0,0.66,51.5,36.56,4183.2699999999995,0.0,0.61,0.24,0.0,0.0
Darlington Borough Council,498.82,677.7,69.81,1146.2800000000002,357.79999999999995,62.916,0.0,3.04,0.0,2.68,0.0,0.0,46.397,0.0,64.502,27.085,0.74,580.08,0.0
Winchester City Council,426.54,6.09,0.0,1376.74,0.0,5.36,0.0,0.0,0.0,0.0,0.0,0.0,59.61,1845.63,0.0,0.0,0.0,0.0,0.0
Shepway District Council,158.305,1221.739,0.0,2451.32,0.0,4.16,0.882,0.0,0.0,0.0,0.0,0.0,19.005,1455.38,0.0,0.0,0.0,0.0,0.0
Oadby and Wigston Borough Council,259.52,609.52,53.760000000000005,1174.276,0.0,2.9669999999999996,0.0,0.0,0.0,0.0,3.84,132.13,33.053,0.0,0.0,113.52,0.0,0.0,0.0
South Norfolk Council,553.863,19.52,0.02,2664.82,0.0,10.54,0.58,1.14,0.0,0.0,0.0,1.06,50.666999999999994,2195.36,0.0,0.0,0.62,0.0,0.0
Kettering Borough Council,4.523,555.6999999999999,8.0,2808.26,0.0,0.0,0.0,0.0,0.0,0.0,0.0,0.0,16.136,1797.25,0.0,3.08,0.0,0.0,0.0
Nottinghamshire County Council,314.22,903.1,1053.8899999999999,8921.39,3867.12,927.12,30.369999999999997,10.99,0.0,366.15000000000003,22.36,0.0,216.8,0.0,0.0,26.8,0.0,4737.85,0.0
Staffordshire Moorlands District Council,47.28,464.20000000000005,0.0,3951.98,0.0,2.3299999999999996,0.0,0.0,0.0,0.0,0.0,381.2,7.879999999999999,1513.3500000000001,7.11,0.0,0.0,0.0,0.0
Reigate and Banstead Borough Council,0.0,1898.0,0.0,3417.0,0.0,5.48,0.0,0.0,0.0,0.0,0.0,0.0,52.900000000000006,1515.0,0.0,0.0,0.0,0.0,0.0
Chichester District Council,0.0,166.34,0.0,1336.3799999999999,0.0,12.92,0.0,0.0,0.0,0.0,0.0,0.0,8.21,3226.2,0.0,0.0,0.0,0.0,0.0
Merseyside WDA (MBC),122.09,1000.67,1793.71,7147.41,7425.58,1328.73,47.82,84.9,0.0,420.44,22.89,318.64,1475.76,231.0,0.0,760.25,880.2399999999999,10191.890000000001,97.32
Croydon LB,50.28,2508.1299999999997,300.62999999999994,7562.56,1179.72,372.21,8.72,6.28,0.0,77.68,1.65,2.48,165.85000000000002,2774.24,0.0,147.83,24.08,2169.6,0.0
Richmond upon Thames LB,0.0,2742.5600000000004,196.24,3150.38,19.64,147.37,4.12,0.0,0.0,32.98,1.5,30.32,125.53,2048.87,25.0,0.0,39.06,700.32,0.0
Warrington Borough Council,14.692,221.84400000000002,229.88,5943.790000000001,914.58,208.76599999999996,3.953,0.0,0.0,40.04,4.4,53.36,151.665,4723.94,4.708,40.94799999999999,47.286,594.488,0.0
Amber Valley Borough Council,783.4399999999999,13.36,0.243,1459.74,0.0,8.06,0.0,0.0,0.0,0.0,0.0,0.0,0.0,1967.82,5.72,0.43,0.0,0.0,0.0
Castle Point Borough Council,531.3309999999999,5.356,0.55,2389.38,0.0,4.57,0.0,0.0,0.0,0.0,0.0,68.1,19.529,1816.98,3.732,0.65,0.0,0.0,0.0
Thurrock Council,7.6,54.66,91.51,3884.47,740.7,77.865,2.284,13.46,217.16,32.08,4.79,8.9,15.16,2907.02,0.0,0.0,0.0,602.1,6.364
East Hampshire District Council,847.0799999999999,4.64,0.048,430.19,0.0,5.9799999999999995,0.0,0.0,0.0,0.0,0.0,0.0,56.25,1978.23,0.0,0.05,0.0,0.0,0.0
Hertfordshire County Council,144.24,1443.51,1883.537,3664.52,3140.13,1460.5,62.62,46.428,0.0,205.14,37.3,141.962,318.17400000000004,77.54,0.0,391.92999999999995,0.42,3024.03,0.0
Tunbridge Wells Borough Council,595.21,1485.7,8.87,3339.36,0.0,8.12,0.0,0.0,0.0,0.0,0.0,2.77,20.848,276.23,0.0,0.0,0.0,0.0,0.0
Fylde Borough Council,27.9,903.3299999999999,0.0,2326.12,0.0,7.09,1.537,0.0,0.0,0.0,0.0,0.0,17.55,935.56,14.950000000000001,0.0,0.225,0.0,0.0
Blackburn with Darwen Borough Council,40.2,162.06,187.92,2136.73,0.0,179.97,6.07,5.49,0.0,87.46,2.45,19.27,100.86,3451.0,0.0,85.46,41.08,0.0,0.0
Lincoln City Council,32.870000000000005,13.809999999999999,0.093,1880.86,0.0,0.0,0.0,0.0,0.0,0.0,0.0,50.62,35.067,2028.08,0.918,0.0,10.190000000000001,0.0,0.0
Craven District Council,5.81,625.442,3.36,1026.08,0.0,3.225,0.0,0.0,0.0,0.0,0.0,0.0,15.163,874.68,0.0,0.0,1.926,0.0,0.0
Tandridge District Council,4.88,63.99,0.15,1540.46,0.0,5.92,0.0,0.0,0.0,0.0,0.0,0.0,34.56,2221.9,0.0,0.44,0.0,0.0,0.0
Worthing Borough Council,0.0,26.43,0.0,1444.76,0.0,0.0,0.0,0.0,0.0,0.0,0.0,0.0,12.98,2188.26,0.0,0.0,0.0,0.0,0.0
Sefton MBC,1544.3600000000001,1667.6499999999999,354.61,7097.79,0.0,29.810000000000002,0.0,0.0,0.0,0.0,0.0,0.0,54.36,1641.26,0.0,15.23,1.85,0.0,0.0
Newcastle-upon-Tyne City Council MBC,0.0,162.55,150.2,3733.5,992.0,194.87,1.5999999999999999,7.44,0.0,58.0,4.44,12.0,30.75,4737.67,0.0,0.0,0.0,1459.0,0.0
Harrow LB,0.0,0.0,178.7,6290.2,24.89,187.1,5.1,0.0,0.0,44.8,4.0,8.1,166.34999999999997,4456.7,0.0,0.0,54.3,0.0,0.0
South Bucks District Council,0.0,465.51899999999995,0.0,1261.37,0.0,11.22,0.0,0.0,0.0,0.0,0.0,0.0,39.123000000000005,1240.116,0.0,0.0,0.0,0.0,0.0
Erewash Borough Council,0.0,0.0,0.0,3420.5099999999998,0.0,30.150000000000002,0.0,0.0,0.0,0.0,0.0,0.0,3.59,2768.2,0.0,0.0,0.0,0.0,0.0
Plymouth City Council,521.58,487.41,354.32000000000005,3117.03,1478.04,401.08,8.95,2.98,0.0,119.28,6.840000000000001,261.58,112.53999999999999,3970.77,3.13,18.369999999999997,0.0,2021.82,0.0
Brighton and Hove Council,1605.3400000000001,267.84999999999997,204.13,1225.98,310.52,304.4800000000001,6.11,3.0,192.666,59.32,5.9399999999999995,64.05999999999999,141.577,2897.95,0.0,2.0,4.326,667.43,0.76
Harlow District Council,0.0,2.351,0.0,866.94,0.0,8.439,0.017,0.0,0.0,0.0,0.0,206.42499999999998,19.715,1978.231,0.0,0.0,0.0,0.0,0.0
Hart District Council,757.04,44.64,0.0,801.23,0.0,7.085,0.0,0.0,0.0,0.0,0.0,0.0,63.572,1537.15,0.0,0.0,0.0,0.0,0.0
Hertsmere Borough Council,18.815,632.7040000000001,0.141,2783.46,0.0,3.314,0.0,0.0,0.0,0.0,0.0,0.0,9.108,1370.46,0.0,0.376,0.0,0.0,0.0
Preston City Council,6.35,1273.36,15.92,2734.28,0.0,15.59,0.0,0.0,0.0,0.0,0.0,93.4,13.041,1313.0,49.4,0.0,0.0,0.0,0.0
West Lindsey District Council,7.426,31.419999999999998,4.676,4237.64,0.0,0.0,0.0,0.0,0.0,0.0,0.0,153.24,33.532,2373.53,0.0,0.0,6.92,0.0,0.0
Selby District Council,556.17,767.76,74.56,3255.09,0.0,4.56,0.0,0.0,0.0,0.0,0.0,0.0,19.22,0.0,0.0,183.36,1.02,0.0,0.0
Gedling Borough Council,683.94,25.689999999999998,2.8,1445.92,0.0,12.032,0.0,0.0,0.0,0.0,0.0,256.84000000000003,12.729999999999999,1975.8600000000001,0.0,0.77,0.0,0.0,0.0
Staffordshire County Council,77.29,840.58,828.3299999999999,3830.24,1039.08,1053.77,43.19,73.76,0.0,134.34,29.57,95.22,670.99,0.0,3.71,231.73,253.56,5182.88,177.17
Bolton MBC,5.084,2466.548,0.907,5306.92,0.0,0.34,0.0,0.0,0.0,0.0,0.0,1.765,16.141,2567.6600000000003,9.468,0.0,0.0,0.0,0.0
Leeds City Council MBC,2298.31,785.0100000000001,620.9,15884.25,2890.63,749.1899999999999,17.21,28.98,0.0,244.88,13.22,35.55,192.57,8917.93,229.10999999999999,6.8999999999999995,0.6,0.0,39.79
Barnet LB,14.11,241.67,201.75,6747.639999999999,1090.26,254.26,0.0,6.56,0.0,59.77,0.8,0.0,242.91000000000003,6694.49,36.26,3.42,0.0,908.28,0.22
Lambeth LB,2.76,114.66,63.72,1615.98,174.94,164.69,2.95,2.16,0.0,0.0,2.2399999999999998,63.08,65.53999999999999,4718.4400000000005,7.39,8.4,0.23,0.0,0.0
South Gloucestershire Council,1707.7300000000002,2823.16,749.35,7561.4800000000005,1840.0,469.70000000000005,16.0,19.5,0.0,135.3,13.38,22.8,469.31,0.0,0.0,653.6800000000001,21.830000000000002,1544.06,0.0
Derbyshire Dales District Council,0.0,692.6099999999999,0.0,2613.91,0.0,9.76,0.0,0.0,0.0,0.0,0.0,0.0,18.807,1103.91,0.0,0.0,0.0,0.0,0.0
Lewes District Council,586.758,831.0750000000002,75.557,383.43999999999994,0.0,4.8,2.033,0.0,0.0,0.0,0.0,0.0,20.984,0.0,0.0,89.96,1.279,0.0,0.0
Tendring District Council,454.647,1334.71,0.0,712.92,0.0,0.0,0.0,0.0,0.0,0.0,0.0,201.897,33.837,279.92,103.443,0.0,1.145,0.0,0.0
Forest of Dean District Council,540.64,558.63,104.58,3010.0,0.0,8.43,0.7,0.0,0.0,0.0,0.0,10.09,36.42,0.0,23.95,47.42,2.02,0.0,0.0
Rushmoor Borough Council,503.97999999999996,10.84,0.0,574.44,0.0,2.58,0.0,0.0,0.0,0.0,0.0,0.0,52.3,1158.76,0.0,0.0,0.0,0.0,0.0
Bromsgrove District Council,15.56,3.96,0.0,2243.72,0.0,5.4,0.0,0.0,0.0,0.0,0.0,46.59,18.2,2290.46,33.52,0.0,0.0,0.0,0.0
Three Rivers District Council,17.45,11.8,0.0,3586.26,0.0,6.88,0.0,0.0,0.0,0.0,0.0,0.0,10.08,2485.89,0.0,0.0,0.0,0.0,0.0
Isle of Wight Council,77.22,43.8,423.78000000000003,4339.35,160.18,254.51999999999998,13.04,23.0,0.0,27.45,7.48,0.0,18.740000000000002,3875.46,6.68,0.0,0.0,1126.45,0.0
West Lancashire Borough Council,21.450000000000003,1025.308,3.4050000000000002,3440.66,0.0,9.786999999999999,0.0,0.0,0.0,0.0,0.0,1.642,23.334999999999997,1291.56,5.901,0.0,6.071,0.0,0.0
North Yorkshire County Council,222.07999999999998,1189.7549999999999,1081.755,4579.94,2779.82,853.182,31.977,45.372,0.0,154.06,21.72,72.931,185.564,3.74,0.0,87.0,0.0,944.003,0.0
Rushcliffe Borough Council,569.72,25.866,0.0,3593.0,0.0,0.0,4.66,0.0,0.0,0.0,0.0,128.47,16.448,1863.84,0.0,0.0,2.157,0.0,0.0
Newcastle-under-Lyme Borough Council,685.5930000000001,1013.065,153.268,4094.1400000000003,0.0,0.0,0.0,0.0,0.0,0.0,0.0,704.66,27.911,0.0,28.87,194.644,0.0,0.0,0.0
Epsom and Ewell Borough Council,506.0,477.39,89.44,1772.64,0.0,5.22,0.0,0.0,0.0,0.0,0.0,7.0,10.149999999999999,709.76,2.54,1.93,0.0,0.0,0.0
West Sussex County Council,0.0,1208.06,1732.5499999999997,10335.49,968.21,2094.96,89.51,79.67,0.0,317.74,31.11,51.92,220.26999999999998,115.34,45.9,0.0,0.0,7843.15,0.0
Rochdale MBC,0.0,1631.52,0.0,3063.24,0.0,0.34,0.0,0.0,0.0,0.0,0.0,0.0,12.29,1977.41,0.0,0.0,0.0,0.0,0.0
Rotherham MBC,120.94,1887.32,275.036,7205.06,0.0,321.703,10.647,0.0,0.0,55.15,8.538,30.267,310.613,1518.68,0.0,165.34,172.655,1416.75,0.0
Birmingham City Council,424.12,7022.869999999999,473.06,11816.76,2888.3,640.99,22.2,0.0,0.0,0.0,22.88,21.04,271.73,4235.6,0.0,35.8,1.52,5962.650000000001,0.0
Sutton LB,4.86,123.95,149.41,2440.2,776.82,170.38,6.67,5.6,0.0,17.5,2.3,0.72,47.82,3999.5,0.0,37.14,29.22,987.32,0.0
Cambridge City Council,3.97,99.86000000000001,0.277,2922.9399999999996,0.0,2.649,1.616,0.0,0.0,0.0,0.0,8.93,44.93,2854.076,0.0,0.582,0.0,0.0,0.0
Redditch Borough Council,14.45,1.08,0.0,0.0,0.0,5.6,0.0,0.0,0.0,0.0,0.0,2.45,42.53,2190.66,19.78,0.0,0.0,0.0,0.0
Lancashire County Council,206.07,1690.506,1804.762,4063.72,6307.01,1507.6080000000002,48.848,50.35,0.0,657.84,48.341,0.0,292.29,0.0,243.51,766.227,129.574,0.0,1.762
Lincolnshire County Council,98.03,498.44,754.91,6326.92,2628.49,1028.295,34.108,0.0,215.82,204.12,15.811,51.9,108.42,0.0,10.58,219.875,48.02,1809.6,0.132
Nottingham City Council,82.14,72.52,112.65,4775.52,567.27,195.36,1.65,0.0,46.29,30.72,2.11,119.85,62.39,4919.400000000001,0.0,82.4,2.85,2156.98,0.0
South Oxfordshire District Council,8.9,8.184,0.0,4264.16,0.0,3.269,0.518,0.0,0.0,0.0,0.0,239.97,87.10499999999999,4192.72,0.46,0.476,0.0,0.0,0.0
Mendip District Council,758.8849999999999,1095.376,91.45500000000001,1805.73,0.0,0.0,9.417,0.0,0.0,0.0,0.0,25.015,69.288,0.0,7.273,164.90699999999998,0.0,0.0,0.0
Stoke-on-Trent City Council,14.933,764.497,193.0,5857.379999999999,1030.74,277.41499999999996,9.943,0.0,0.0,59.08,4.95,10.8,43.835,3493.88,14.12,1.82,1.6280000000000001,988.38,0.0
Runnymede Borough Council,28.335,14.418,0.0,1245.33,0.0,2.44,0.0,0.0,0.0,0.0,0.0,0.0,15.885,1827.58,0.0,0.0,0.0,0.0,0.0
Crawley Borough Council,0.0,0.0,0.0,620.5,0.0,7.34,0.0,0.0,0.0,0.0,0.0,0.0,41.31,1831.22,0.0,0.0,0.0,0.0,0.0
Trafford MBC,0.0,2818.8199999999997,0.0,8667.3,0.0,5.88,0.0,0.0,0.0,0.0,0.0,0.0,30.88,2628.84,0.0,0.0,0.0,0.0,0.0
Solihull MBC,1013.266,1581.495,155.345,6437.7,668.78,178.39499999999998,3.31,0.0,0.0,18.82,3.4179999999999997,54.702,62.107000000000006,1169.29,0.0,14.184000000000001,0.0,1307.3200000000002,32.285
Enfield LB,0.0,170.93,130.0,6212.950000000001,218.89,169.16500000000002,2.66,0.0,0.0,0.0,1.48,176.18,105.535,6362.59,15.88,48.82,0.0,0.0,0.0
Bracknell Forest Borough Council,646.46,132.3,171.60000000000002,2652.38,0.0,207.81,5.96,4.79,174.99,34.82,4.26,50.419999999999995,98.15,1791.3200000000002,0.0,9.4,7.82,533.47,26.43
Allerdale Borough Council,305.62,1165.78,9.82,2774.22,0.0,6.53,0.0,0.0,0.0,0.0,0.0,0.0,0.0,755.24,0.0,8.16,0.0,0.0,0.0
Bolsover District Council,17.727,350.81600000000003,0.0,2547.82,0.0,7.300000000000001,0.0,0.0,0.0,0.0,0.0,0.92,5.2330000000000005,1264.54,0.0,0.0,0.0,0.0,0.0
Wyre Forest District Council,15.19,27.5,0.0,529.92,0.0,4.34,0.0,0.0,0.0,0.0,0.0,150.4,18.47,2539.52,0.0,0.0,0.0,0.0,0.0
Hyndburn Borough Council,449.56000000000006,655.27,3.59,808.32,26.14,10.31,0.65,0.93,0.0,0.0,0.0,0.0,2.56,272.89,24.7,1.86,0.0,0.0,0.0
North Kesteven District Council,29.7,0.0,0.0,3430.09,0.0,0.0,0.0,0.0,0.0,0.0,0.0,130.46,3.515,2849.04,0.0,0.0,7.24,0.0,0.0
Hambleton District Council,608.4,692.22,98.67999999999999,3531.16,0.0,2.225,0.0,0.426,0.0,0.0,0.0,0.0,30.486,0.0,0.0,97.17,1.63,0.0,0.0
South Somerset District Council,1149.034,1697.7859999999998,139.61700000000002,2726.7200000000003,0.0,0.0,11.768,0.0,0.0,0.0,0.0,38.994,89.89699999999999,0.0,27.215,239.547,0.0,0.0,0.0
Ipswich Borough Council,470.78999999999996,185.56,27.66,3255.56,21.74,44.1,0.0,0.0,0.0,1.88,0.0,244.19,15.46,2249.4100000000003,50.07,0.0,0.73,2.6,0.0
Waverley Borough Council,0.0,47.03,0.0,1783.0,0.0,5.33,0.0,0.0,0.0,0.0,0.0,25.0,19.47,3387.0,0.0,0.0,0.0,0.0,0.0
North Warwickshire Borough Council,511.33000000000004,795.1300000000001,148.28,2364.0,0.0,0.0,0.0,0.0,0.0,0.0,0.0,70.32,0.0,0.0,0.0,0.0,0.0,0.0,0.0
Hillingdon LB,130.0,291.0,150.0,5732.0,0.0,177.0,2.0,9.0,0.0,26.0,6.0,0.0,150.0,4933.0,0.0,38.0,98.0,292.0,0.0
Windsor and Maidenhead Borough Council,0.0,70.0,155.0,3274.0,531.0,170.14,8.5,0.0,123.0,21.0,3.0,16.0,26.0,3990.0,0.0,0.0,0.0,364.0,0.0
Eden District Council,0.0,575.2,0.0,1538.5500000000002,0.0,0.0,0.0,0.0,0.0,0.0,0.0,265.349,21.42,531.06,0.0,36.06,0.0,0.0,0.0
High Peak Borough Council,631.39,0.0,0.0,2308.54,0.0,4.58,0.0,0.0,0.0,0.0,0.0,0.0,9.629999999999999,1475.71,37.59,0.0,1.64,0.0,0.0
Poole Borough Council,0.0,138.35999999999999,241.07000000000002,3506.54,955.95,286.12,9.72,11.1,0.0,69.54,5.22,17.3,57.56999999999999,3716.22,29.3,0.0,0.0,634.01,0.0
Eastbourne Borough Council,354.54,1.17,0.0,1549.498,0.0,1.47,0.0,0.0,0.0,0.0,0.0,0.0,30.702,1665.0,0.0,0.0,0.0,0.0,0.0
Gloucestershire County Council,99.89999999999999,674.2620000000001,875.383,3853.3,2351.56,694.594,29.107,0.0,943.44,270.68,25.599999999999998,36.661,105.494,0.0,0.0,33.614999999999995,0.135,1609.6,0.0
Dartford Borough Council,414.22,15.63,2.91,461.26,0.0,3.29,0.0,0.0,0.0,0.0,0.0,0.0,22.25,1614.32,0.0,0.0,0.0,0.0,0.0
Ribble Valley Borough Council,19.61,505.84,2.32,1062.86,0.0,2.56,0.0,0.0,0.0,0.0,0.0,0.0,2.847,644.2800000000001,0.0,0.0,0.0,0.0,0.0
Scarborough Borough Council,246.24,0.0,17.02,3112.1200000000003,0.0,0.0,0.0,0.0,0.0,0.0,0.0,0.0,0.0,2779.99,0.0,6.33,0.0,0.0,0.0
Waveney District Council,564.795,0.0,0.0,4694.009999999999,0.0,0.0,0.0,0.0,0.0,0.0,0.0,222.58,8.39,2430.38,0.0,0.0,0.0,0.0,0.0
Warwick District Council,775.41,1167.6,124.29999999999998,4537.71,0.0,0.0,0.0,0.0,0.0,0.0,0.0,366.14,30.415,253.38,0.0,244.38,0.0,0.0,0.0
Bury MBC,0.0,1914.42,0.0,4410.02,0.0,8.1,0.0,0.0,0.0,0.0,0.0,0.0,7.77,2008.4,0.0,0.0,0.0,0.0,0.0
Brent LB,5.1,105.89999999999999,65.57000000000001,4600.86,4.78,49.16,0.0,0.0,12.62,0.0,1.1,230.53,145.92000000000002,5073.34,0.0,10.549999999999999,0.0,34.58,0.0
Merton LB,15.98,140.01,147.54999999999998,2122.2400000000002,701.77,184.0,4.86,0.0,0.0,21.3,1.3,2.04,127.55,3946.2599999999998,0.0,70.64,30.72,973.74,0.0
East Devon District Council,1243.96,1379.4,0.0,1514.137,0.0,2.9,0.0,0.0,0.0,0.0,0.0,363.34,89.945,166.24,9.6,180.48,0.0,0.0,0.0
Rother District Council,557.94,74.681,2.58,1779.663,0.0,19.36,0.0,0.0,0.0,0.0,0.0,0.0,50.548,1576.5520000000001,0.0,0.0,0.716,0.0,0.0
Gloucester City Council,641.47,900.6099999999999,128.94,2664.72,7.36,17.98,0.0,0.0,0.0,0.0,0.0,49.7,36.230000000000004,0.0,86.02,176.44,0.69,0.0,0.0
Maidstone Borough Council,59.0,6.16,0.0,3516.95,0.0,16.55,0.0,0.0,0.0,0.0,0.0,0.0,5.489999999999999,3755.96,0.0,0.0,0.0,0.0,0.0
Wyre Borough Council,23.83,1204.28,0.015,3588.07,0.0,14.155,0.0,0.0,0.0,0.0,0.0,0.494,22.55,1063.28,29.82,0.0,0.0,0.0,0.0
Leicester City Council,44.0,242.0,283.1,1342.0,1105.0,227.0,0.0,1.96,0.0,40.0,3.0,0.0,57.96,3981.0,10.0,22.0,0.0,1483.0,6.0
Great Yarmouth Borough Council,269.32,12.4,0.0,663.06,0.0,31.64,0.0,0.19,0.0,0.0,0.0,0.0,4.220000000000001,1740.78,0.0,0.0,0.53,0.0,0.0
Corby Borough Council,15.21,0.0,0.0,1762.67,0.0,0.0,0.0,0.0,0.0,0.0,0.0,349.29,13.6,1577.04,0.0,0.0,0.0,0.0,0.0
Oxfordshire County Council,97.72,723.4000000000001,953.97,3570.45,2946.16,1099.15,33.64,15.18,0.0,179.1,15.5,52.78,84.68,0.0,189.92,11.11,0.0,725.38,0.0
Salford City Council MBC,0.0,2128.0,0.0,4534.0,0.0,0.0,0.0,0.0,0.0,0.0,0.0,0.0,0.0,2063.0,0.0,0.0,0.0,0.0,0.0
Sheffield City Council,119.60000000000001,4073.6,481.0,3893.0,1376.2,509.4,11.299999999999999,0.0,0.0,110.2,11.2,28.1,98.5,4720.4,0.0,0.0,0.0,0.0,0.0
Coventry City Council,0.0,240.94000000000003,139.611,6091.66,1100.82,237.76,12.41,9.4,55.18,51.21,7.44,3.16,192.96,5472.49,0.0,0.395,58.02,2668.19,14.3
Hackney LB,424.39,308.63,78.2,1511.3400000000001,71.22,79.64999999999999,0.0,2.9,0.0,0.0,0.0,1.94,197.4,3874.53,15.69,0.0,69.08,0.0,0.0
Waltham Forest LB,8.6,118.85999999999999,138.28,3381.18,738.58,158.41,0.0,7.14,0.0,30.96,3.96,110.53,149.97,5016.44,33.65,17.819999999999997,0.0,1147.38,10.03
East Cambridgeshire District Council,40.388,26.5,16.669,3298.46,0.0,0.0,0.0,0.0,0.0,0.0,0.0,32.760000000000005,8.397,1953.86,0.0,12.142,0.0,0.0,0.0
Redcar and Cleveland Borough Council,35.55,756.4800000000001,59.14,3799.41,514.18,94.387,0.187,24.0,61.12,11.3,6.808,31.785,12.83,2124.8019999999997,0.0,42.730000000000004,35.92,992.19,5.993
South Hams District Council,628.31,1041.77,6.92,2922.03,0.52,9.969999999999999,0.0,0.0,0.0,0.0,0.0,64.9,46.36,234.58,32.66,0.0,3.13,0.0,0.0
Basildon District Council,986.75,45.9,54.13,6424.9,259.82,25.52,0.07,4.41,0.0,0.0,0.19,159.153,56.126,3372.36,0.0,0.0,0.0,0.0,0.0
Kingston-upon-Hull City Council,6.7,278.35,244.45000000000002,6456.4800000000005,1260.6,329.02000000000004,9.459999999999999,10.72,0.0,72.26,3.52,0.1,148.37,5489.08,0.0,2.3200000000000003,0.0,1923.02,0.0
Swale Borough Council,50.81999999999999,120.0,0.0,1992.91,0.0,13.65,0.0,0.0,0.0,0.0,0.0,0.0,4.2,3451.71,0.0,0.0,0.0,0.0,0.0
Rutland County Council,49.173,113.40899999999999,1.3,1861.04,177.84,166.39,0.45,1.89,0.0,15.56,0.648,0.0,16.453,1056.04,11.126,21.367,50.96,328.08,0.0
Kings Lynn and West Norfolk Borough Council,466.427,6.43,0.0,3640.3799999999997,0.0,9.66,0.0,10.57,0.0,0.24,0.0,0.0,26.843,2691.54,0.0,0.0,0.0,0.0,0.0
Northampton Borough Council,1229.57,2049.66,256.29,5373.54,0.0,0.0,0.0,0.0,0.0,87.01,0.0,31.54,23.0,0.0,11.47,475.96,0.0,31.16,0.0
Vale of White Horse District Council,0.0,4.119,0.0,3536.9100000000003,0.0,2.451,0.672,0.0,0.0,0.0,0.0,166.41,42.716,3846.13,0.926,0.0,0.0,0.0,0.0
Sedgemoor District Council,700.821,1236.6609999999998,103.145,2239.87,0.0,0.0,0.56,0.0,0.0,0.0,0.0,27.471,43.179,0.0,19.404,187.62499999999997,1.246,0.0,0.0
Suffolk County Council,566.894,757.562,1299.261,4594.168,3142.1,1346.359,56.508,0.0,0.0,130.26,26.130000000000003,15.503,249.89,0.0,45.292,572.131,3.76,2411.76,0.0
Wigan MBC,26.189999999999998,245.89000000000001,331.28000000000003,7681.5,1554.75,346.38,20.24,21.9,0.0,66.4,8.31,30.75,159.69,6736.92,0.0,162.5,0.0,2299.36,55.24
Knowsley MBC,15.420000000000002,8.35,3.27,2773.17,14.17,0.98,0.0,0.0,0.0,0.0,0.0,0.0,23.919999999999998,3081.54,0.0,0.0,1.38,0.0,0.0
Walsall MBC,0.0,147.5,144.34,6860.87,965.2,187.30999999999997,5.029999999999999,10.46,0.0,0.0,5.56,0.0,38.4,5695.94,0.0,0.0,0.0,1025.43,0.0
Islington LB,5.1,94.2,73.32,1202.1799999999998,351.32,127.01000000000002,3.56,0.0,0.0,22.56,0.68,34.38,122.32,3649.02,30.81,18.62,0.24,421.0,0.0
West Berkshire District Council,1055.1,2276.42,316.06000000000006,6349.38,953.27,365.75999999999993,12.39,16.14,0.0,68.88,7.7,4.949999999999999,48.63999999999999,353.1,24.84,11.97,1.12,1086.53,14.25
South Cambridgeshire District Council,0.0,977.96,0.0,6303.84,0.0,0.56,0.0,0.0,0.0,0.0,0.0,0.175,12.38,3067.04,0.0,3.4,0.0,0.0,0.0
Middlesbrough Borough Council,454.191,1331.9299999999998,290.627,2103.23,498.319,124.155,2.106,6.966,305.892,16.758,3.051,0.0,31.503999999999998,0.0,0.0,370.616,35.523,2270.956,0.0
Barrow-in-Furness Borough Council,0.0,222.4,0.0,1253.0,0.0,0.0,0.0,0.0,0.0,0.0,0.0,76.124,0.0,1046.92,0.0,0.0,0.0,0.0,0.0
Torridge District Council,515.07,641.095,67.07800000000002,2083.728,0.0,15.872000000000002,0.38,0.0,0.0,0.0,0.0,8.184000000000001,19.971,0.0,8.038,79.35399999999998,0.0,0.0,0.0
Chelmsford Borough Council,1014.74,1585.13,128.32,6320.49,0.0,7.54,0.0,0.0,0.0,0.0,0.0,154.234,10.24,0.0,0.0,387.78,0.0,0.0,0.0
Eastleigh Borough Council,852.65,18.39,0.0,1756.79,0.0,2.7399999999999998,1.31,0.0,0.0,0.0,0.0,0.0,92.44,1890.61,0.0,0.0,0.0,0.0,0.0
Herefordshire Council,54.9,213.57,481.11,2968.8,882.54,155.45,10.42,18.38,0.0,68.9,3.98,0.3,26.76,4248.2,7.8740000000000006,2.73,0.07,1736.08,0.0
Broxbourne Borough Council,496.29,663.98,8.22,2569.76,0.0,6.75,0.0,0.0,0.0,0.0,0.0,0.0,24.59,278.37,0.0,0.0,0.0,0.0,0.0
Kent County Council,366.4,1761.8799999999999,2585.1000000000004,10955.06,6952.75,1649.1799999999998,95.69999999999999,8.06,0.0,358.22,36.15,8.14,406.64,0.0,0.0,0.0,1.11,9981.36,0.0
Ashfield District Council,597.4399999999999,7.05,0.0,1624.4,0.0,8.602,0.0,0.0,0.0,0.0,0.0,196.76,8.95,1895.18,0.0,15.19,0.0,0.0,0.0
Mid Suffolk District Council,1122.067,198.00300000000001,6.33,3087.3799999999997,0.0,0.0,0.0,0.0,0.0,0.0,0.0,332.904,42.582,3452.93,0.0,0.0,1.577,6.53,0.0
Nuneaton and Bedworth Borough Council,45.17,1063.862,12.67,3903.44,0.0,8.546,0.0,0.0,0.0,0.0,0.0,86.969,11.191,1371.94,0.0,0.0,0.0,0.0,0.0
Wirral MBC,21.003,12.925,0.0,4180.96,0.0,26.41,0.0,0.0,0.0,0.0,0.0,0.0,78.343,7149.71,0.0,1.352,1.602,0.0,0.0
North Tyneside Council,104.45999999999998,207.31999999999996,198.10000000000005,4274.48,907.3399999999999,187.38000000000002,9.06,10.39,0.0,60.5,0.0,2.3,60.989999999999995,3732.4,50.27,28.779999999999998,0.0,1466.36,0.0
Bradford City MDC (MBC),181.0,2738.0,230.0,6801.0,1227.0,445.0,11.0,23.0,295.0,94.0,0.0,0.0,383.0,2180.0,91.0,0.0,69.0,1440.0,27.0
Western Riverside Waste Authority,0.0,0.0,0.0,0.0,0.0,0.0,0.0,0.0,0.0,0.0,0.0,0.0,0.0,0.0,0.0,0.0,0.0,325.18,0.0
West London Waste Authority,0.0,11.72,0.0,206.22,2.61,0.0,0.0,0.0,0.0,0.0,0.0,0.0,0.0,0.0,0.0,0.0,6.46,0.0,0.0
Redbridge LB,707.4,2112.8,267.09999999999997,3371.5,608.0,169.7,2.9,4.0,0.0,0.0,3.1999999999999997,788.6,64.0,0.0,1.6,295.1,0.0,77.8,2.9
Wokingham Council,737.9,214.29999999999998,329.63,3448.4700000000003,728.09,355.6,14.399999999999999,9.6,292.69,92.31,7.11,6.58,158.99,2411.64,0.0,22.94,8.871,1080.57,55.99
South Lakeland District Council,212.98,333.38,12.44,3602.1,0.0,0.0,0.0,0.0,0.0,0.0,0.0,269.969,0.0,1431.06,0.0,107.18,0.0,0.0,0.0
Torbay Council,955.5999999999999,1269.9699999999998,239.23000000000002,3101.6900000000005,435.72,159.72000000000003,4.56,4.65,0.0,8.88,5.659999999999999,0.0,56.64,354.52,24.55,234.12,0.0,156.26,0.2
Maldon District Council,366.90000000000003,627.1370000000001,0.8,1784.46,0.0,0.0,0.0,0.0,0.0,0.0,0.0,0.0,17.301,177.68,0.0,0.0,0.455,0.0,0.0
Havant Borough Council,506.83899999999994,28.037,3.829,644.54,0.0,4.86,0.0,0.0,0.0,0.0,0.0,0.0,81.281,1994.72,0.0,18.59,0.0,0.0,0.0
North Hertfordshire District Council,79.79,1086.07,1.17,4459.0,0.0,12.53,0.0,0.0,0.0,0.0,0.0,0.0,8.06,2190.72,0.0,0.0,0.0,0.0,0.0
Dover District Council,0.0,1079.454,0.0,1599.28,0.0,4.17,1.223,0.0,0.0,0.0,0.0,0.0,18.193,1314.93,0.0,0.0,0.0,0.0,0.0
Charnwood Borough Council,93.108,61.56,0.0,3595.67,0.0,0.5,0.0,0.0,0.0,0.0,0.0,103.301,58.674,4346.12,3.851,0.0,0.0,0.0,0.0
Norfolk County Council,480.35,670.9630000000001,1026.3459999999998,8353.91,761.049,1769.812,55.485,9.46,0.0,110.1,37.194,249.983,179.292,0.0,0.0,83.46,4.026,3397.26,0.0
Mansfield District Council,205.66,12.489999999999998,1.38,2094.38,14.7,0.0,0.0,0.0,0.0,0.0,0.0,457.25,18.27,1820.16,0.0,0.0,0.0,0.0,0.0
Cannock Chase Council,3.3259999999999996,5.239,0.0,2844.68,0.0,0.0,0.0,0.0,0.0,0.0,0.0,89.37,11.311,2685.22,0.0,0.0,0.0,0.0,0.0
Swindon Borough Council,1212.46,2005.1000000000001,602.53,2760.74,1073.67,296.97,12.83,0.0,86.04,36.34,7.87,0.0,42.959999999999994,0.0,37.04,449.5,1.18,2154.6,0.0
Wakefield City MDC,152.73000000000002,3254.84,275.16999999999996,8779.56,1286.24,400.3499999999999,10.4,31.28,0.0,130.07,9.749999999999998,1.6600000000000001,191.49,3025.93,0.0,68.77,13.41,142.91,7.5
Camden LB,0.0,75.03,52.27,958.46,290.66,108.69999999999999,3.14,0.0,0.0,29.49,0.0,183.31,171.05,4616.6,12.690000000000001,1.2,0.26,309.94,0.26
Westminster City Council,1170.6,619.5200000000001,0.0,368.34,0.0,78.68,0.13,0.0,0.0,0.0,0.0,0.0,77.23,4837.419999999999,0.0,0.0,0.0,0.0,0.0
Exeter City Council,555.4499999999999,198.5,12.59,826.6,0.0,5.82,0.0,0.0,0.0,0.0,0.0,35.09,65.8,1752.61,41.3,11.790000000000001,0.99,0.0,0.0
Southampton City Council,1052.91,180.9,354.16999999999996,2585.1499999999996,0.0,189.34000000000003,14.26,0.0,0.0,80.08,4.15,198.07,91.89999999999999,2694.13,0.0,19.27,0.0,1294.48,0.0
Watford Borough Council,4.98,9.31,0.0,1727.66,0.0,5.99,0.0,0.0,0.0,0.0,0.0,0.0,5.15,1884.78,0.0,0.0,0.0,0.0,0.0
North Lincolnshire Council,909.5179999999999,1087.3999999999999,526.397,6732.94,930.31,320.01,9.511,3.29,0.0,17.86,8.14,75.50200000000001,130.68900000000002,996.5010000000001,31.896,134.254,83.643,1253.58,1.26
Melton Borough Council,0.0,5.042,0.0,1094.04,0.0,5.32,0.0,0.0,0.0,0.0,0.0,87.012,16.097,1438.18,0.0,0.0,0.0,0.0,0.0
North Norfolk District Council,647.16,0.0,0.0,2543.59,0.0,5.4399999999999995,0.0,0.28,0.0,0.0,0.0,0.0,18.679,2048.04,0.0,0.0,0.907,0.0,0.0
Ryedale District Council,429.29999999999995,562.36,103.07,1804.61,0.0,1.4,0.0,0.0,0.0,0.0,0.0,0.0,26.52,0.0,0.0,66.0,1.13,0.0,0.0
Daventry District Council,533.25,781.2,85.99,3409.76,0.0,0.0,0.0,0.0,0.0,0.0,0.0,0.0,2.38,0.0,9.8,159.7,0.0,0.0,0.0
Stafford Borough Council,0.0,776.58,0.0,4505.08,0.0,0.0,0.0,0.0,0.0,0.0,0.0,482.04,1.02,2538.34,0.0,0.0,0.0,0.0,0.0
Guildford Borough Council,66.38,245.02999999999997,0.79,3633.26,0.0,23.659999999999997,1.49,0.0,0.0,0.0,0.0,16.0,32.39,3628.3,0.0,1.08,0.0,0.0,0.0
Adur District Council,0.0,41.32,0.0,617.34,0.0,0.0,0.0,0.0,0.0,0.0,0.0,0.0,13.2,1466.68,0.0,0.0,0.0,0.0,0.0
Haringey LB,2.54,104.86,87.92999999999999,2096.96,584.93,194.37,0.24,2.94,0.0,68.3,0.9,174.91,118.79,5353.03,48.71,14.1,0.0,882.5,5.5
Bristol City Council,2551.58,4028.13,773.98,6359.78,1798.71,364.4200000000001,13.690000000000001,14.899999999999999,0.0,66.24,9.6,0.0,164.96,0.0,0.0,1146.22,122.52,2210.5299999999997,0.0
Council of the Isles of Scilly,39.02,0.0,15.399999999999999,0.0,0.0,11.02,0.0,2.0300000000000002,0.0,0.0,0.0,0.0,0.0,0.0,0.0,0.0,0.0,64.89,0.0
Teignbridge District Council,1064.4,852.093,169.16,4204.084000000001,8.84,10.457999999999998,1.621,0.0,0.0,0.0,0.0,122.4,87.141,0.0,20.345,235.311,2.386,0.0,0.0
Braintree District Council,770.06,95.364,0.0,5308.56,0.0,0.0,0.0,0.0,0.0,0.0,0.0,515.344,22.988,2502.54,0.598,0.0,0.0,0.0,0.0
Essex County Council,385.79,1571.8089999999997,1807.54,9409.906,8334.32,1512.808,26.066,73.531,0.0,369.22,63.613,0.0,279.86,0.0,84.705,22.81,0.0,0.0,75.134
Hampshire County Council,796.08,1758.8,3573.74,19111.78,0.0,1613.51,122.44,0.0,0.0,483.96,54.339999999999996,1854.73,294.38,0.0,0.0,27.08,0.0,10684.88,0.0
Thanet District Council,104.37,1216.1200000000001,4.7,1897.2199999999998,0.0,15.37,0.0,0.0,0.0,0.0,0.0,0.0,27.33,1229.24,0.0,0.0,0.0,0.0,0.0
Burnley Borough Council,16.98,627.77,0.0,1180.08,0.0,5.05,0.0,0.0,0.0,0.0,0.0,0.0,3.89,730.44,14.38,0.0,0.0,0.0,0.0
Boston Borough Council,47.61,3.66,0.36,2039.84,0.0,0.0,0.0,0.0,0.0,0.0,0.0,96.59,21.874,1670.96,0.0,1.0,0.0,0.0,0.0
South Northamptonshire District Council,0.0,19.76,27.07,3997.44,0.0,14.86,2.568,0.0,44.56,0.0,1.5,0.0,35.224999999999994,2329.14,0.0,2.79,0.0,108.9,0.0
Tamworth Borough Council,14.081,10.85,0.0,2080.65,0.0,2.475,0.0,0.0,0.0,0.0,0.0,123.415,28.64,2104.11,0.0,0.0,0.0,0.0,0.0
Spelthorne Borough Council,0.0,0.97,0.0,1383.26,0.0,0.93,0.0,0.0,0.0,0.0,0.0,10.0,1.58,2355.8,0.0,0.0,0.18,0.0,0.0
Horsham District Council,64.78,60.14,0.0,3482.31,0.0,7.640000000000001,0.0,0.0,0.0,0.0,0.0,0.0,34.74,3294.31,14.34,0.0,0.0,0.0,0.0
Liverpool City Council,3.98,2.8,84.5,6266.4,86.96,260.985,0.0,0.0,0.0,0.0,0.0,0.0,49.0,7077.74,62.4,0.0,0.0,0.0,0.0
Barking and Dagenham LB,85.4,101.1,197.6,2093.9,1041.6,156.9,3.7,3.7,0.0,0.0,4.0,552.3,32.3,2286.5,0.4,51.6,0.0,83.1,2.3
Royal Borough of Kingston upon Thames ,898.541,1874.858,307.647,2888.68,729.28,199.359,2.812,0.0,0.0,28.88,4.6,0.84,69.89699999999999,0.0,114.856,541.988,33.811,993.02,0.0
Wiltshire,3044.54,3941.0200000000004,1656.4799999999998,15280.82,0.0,1047.35,47.5,56.42,368.0,245.19,21.94,0.0,257.28,3166.86,36.52,356.78999999999996,7.050000000000001,820.53,18.37
Cornwall,684.3,1049.05,1436.65,9822.43,2864.78,916.19,38.49,93.53,0.0,377.2,9.34,0.24,109.39,8219.68,80.0,39.7,0.0,3720.35,0.0
Bedford,515.6600000000001,193.85999999999999,155.71,4052.8999999999996,0.0,231.05,9.03,4.82,0.0,23.16,5.5,61.65,37.88999999999999,2905.45,0.0,43.54,0.0,285.28000000000003,47.6
Central Bedfordshire,1292.6399999999999,315.5,433.57,7034.18,579.26,402.9600000000001,46.73,66.17999999999999,0.0,60.75,12.299999999999999,31.92,114.8,5215.9,0.0,10.5,0.0,1536.18,0.0
Shropshire,1272.99,2573.31,373.92,13152.245000000003,1003.14,453.86,20.36,21.32,0.0,54.22,15.18,57.92,125.50999999999999,1808.2900000000002,0.0,68.86,8.5,404.72,0.0
Cheshire East,138.54,589.16,519.23,15035.400000000001,1860.52,590.36,18.19,0.0,0.0,0.0,16.08,283.3,206.71,9620.6,45.16,143.74,0.0,3320.87,0.0
Cheshire West and Chester,2409.42,3856.27,990.3190000000001,14736.04,1930.08,576.866,20.258,0.0,0.0,0.0,17.72,145.32,335.55899999999997,0.0,93.19,1148.73,0.0,3218.97,5.676
Northumberland,1305.9,424.9,477.1,7742.1,1410.9,537.9,17.6,27.200000000000003,0.0,113.5,13.2,83.8,393.3,5152.2,0.0,172.2,2.2,1875.1,0.0
County Durham,2799.9700000000003,544.19,619.51,12670.060000000001,2381.77,522.57,15.02,51.879999999999995,0.0,245.18,14.26,194.71,388.95000000000005,9161.33,0.0,327.78000000000003,1.1,3649.54,0.0
Dorset Waste Partnership,2945.13,2242.2000000000003,1428.5700000000002,15440.86,2545.68,774.17,33.86,25.95,0.0,195.38,26.55,438.28,328.77,5296.4800000000005,47.81,141.16,6.48,1468.9,25.5
