Name,Glass,Paper & Card,Metal,Organic,Wood,WEEE,Batteries,Tyres,Soil,Plasterboard,Oil,Other Materials,Textiles,Co-mingled,Plastic,Furniture,Composite,Rubble,Paint
Luton Borough Council,426.71,110.6,177.48,1432.1,665.94,107.78,5.96,9.06,175.8,75.1,4.5,18.7,140.68,2560.56,0,0,0,0,0
Buckinghamshire County Council,62.81,1002.46,705.137,3569.44,2437.85,770.62,32.78,23.7,0,201.6,15.91,69.804,154.62,0,3.064,69.244,0,0,0
Chesterfield Borough Council,493.856,4.684,0,1902.94,0,11,0,0,0,0,0,2.18,15.654,1653.344,0,0,0,0,0
West Devon Borough Council,446.42,557.217,56.501,1158.48,0.66,3.637,0.44,0,0,0,0,330.08,15.435,0,47.279,28.327,0.532,0,0
Bournemouth Borough Council,65.32,176.09,200.57,2732.36,849.59,194.04,6.1,10.44,0,103.52,3.2,123.67,44.22,4175.72,51.89,10.06,0,515.44,0
Colchester Borough Council,1001.909,1820.278,160.6,2144.64,0,7.43,0,0,0,0,0,146.1,48.863,0,403.62,0,2.289,0,0
Fareham Borough Council,501.84,40.36,0.17,818.42,0,4.49,0,0,0,0,0,0,55.729,1826.78,0.36,0,0,0,0
Dacorum Borough Council,547.3,593.28,127.04,3095.06,0,16.54,0,0,0,0,0,0,13.07,1419.72,199.76,0,0,0,0
Medway Borough Council,133.64,210.42,259.65,4416.18,1075.55,366.15,10.16,9.69,0,82.74,9.76,31.69,86.26,5000.92,113.76,8.15,80.07,1130,0
Lancaster City Council,67.59,894.64,0.045,1969,16.42,15.5,0,0,0,0,0,0,19.6,1370.46,0,71.77,0.656,0,0
South Holland District Council,27.64,24.935,0.511,42.86,0,0,0,0,0,0,0,138.22,38.575,2249.48,0,0,0,0,0
Bassetlaw District Council,216.56,1.15,0,0,0,0,0,0,0,0,0,328.68,19.58,1634.44,0,0,0.13,0,0
Woking Borough Council,46.151,53.779,4.238,2728.88,0,11.8,0,0,0,0,0,28,45.765,2650.757,3.669,0,0.888,0,0
South Tyneside MBC,37.5,644.9,107.1,1239,739,164.9,2.3,11.6,0,27,3,0,27.4,2579.1,27,9.3,0,890.9,0
Calderdale MBC,1147.44,1382.71,373.41,2329.38,657.1,171.55,5.02,3.5,0,120.44,3.4,59.29,67.21,0,211.35,0,0,720.6,9.21
Ealing LB,1570.14,2860.68,448.12,2498.29,259.96,213.68,4.03,1.2,0,15.37,6.34,173.45,321.59,418.1,865.22,1.48,72.63,0,0
Southwark LB,0,124.64,52.22,2718.54,400.22,48.4,0.78,2.62,0,36.56,2.34,5.27,73.112,4894.2,5.88,0,0,451.14,0.879
Milton Keynes Council,1258.61,338.57,411.77,5333.34,1184.52,265.1,10.64,18.38,0,2.76,8.69,61.96,114.78,5124.14,34.04,0,0,764.8,0
North East Derbyshire District Council,0,549.68,0,1615.46,0,9.02,0,0,0,0,0,1.14,0,1454.55,0,0,0,0,0
Hastings Borough Council,345.679,25.742,3.14,359.51,0,15.62,0,0,0,0,0,0,42.499,1438.749,0,0,0,0,0
Rochford District Council,37.59,24.488,0,2570.26,0,7.638,0,0,0,0,0,0,37.546,2324.84,0,15.423,0,0,0
Cheltenham Borough Council,804.54,1182.03,141.74,2164.68,269.3,128.76,1.56,0,0,0,2.81,31.04,78.7,56.68,108.03,52.62,2.69,0,0
New Forest District Council,1209.61,179.62,0,659,0,15.18,0,0,0,0,0,0,122.73,2661.54,0,0,0,0,0
St Albans City and District Council,870.01,1659.98,0,3144.22,0,7.936,0,0,0,0,0,0,13.18,453.22,0,0,2.19,0,0
North East Lincolnshire Council,690.672,1021.235,96.026,2075.18,400.3,175.22,0,0,0,18.48,2.57,0,12.305,277.668,28.56,0,0.02,67.7,0
Rossendale Borough Council,0,532.911,0,366.09,0,0.06,0,0,0,0,0,0,13.762,813.72,0,1.11,0,0,0
Newark and Sherwood District Council,408.9,2.43,3.58,330.06,0,0,0,0,0,0,0,231.68,8.58,2035.74,0,0,1.01,0,0
East Staffordshire Borough Council,8.592,508.977,3.952,2182.58,0,2.79,0,0,0,0,0,184.519,9.543,2236.72,0,11.805,0,0,0
Surrey County Council,114,1829,1509,8149,0,1650,51,40,0,363,36,104,660,0,296,0,174,4215,0
Manchester City Council MBC,19.2,3474.74,0,4674.28,0,56,0,0,0,0,0,0,121.21,3337.16,0,0,0,0,0
Barnsley MBC,1438.53,2039.35,411.808,2584.82,509.16,243.45,2.07,0,0,29.64,7.01,3.9,85.06,0,349.68,0,1.3,507.08,0
Havering LB,289.298,311.54,116.393,2585.66,507.76,173.13,6.57,7.4,0,0,2.81,0,53.55,3523.74,33.22,2.32,0,64.22,0.85
Wealden District Council,533.401,4.105,0,2881.241,0,4.121,0,0,0,0,0,0.05,29.135,3490.5,0,8.67,0,0,0
Uttlesford District Council,0,0.29,0,1305.91,0,0,0.18,0,0,0,0,110.936,13.149,2246.237,0,0,0,0,0
Stroud District Council,0,1247.01,22.88,15.8,0,33.28,0,0,0,0,0,32.34,63.64,1352.52,0,82.57,0,0,0
Test Valley Borough Council,542.9,3.12,0.489,787.78,0,5.72,0,0,0,0,0,0,89.571,2022.1,0,0,1.76,0,0
Welwyn Hatfield Council,42.24,644.36,2.44,2737.56,0,4.69,0,0,0,0,0,0,18.53,1557.94,6.78,0,0,0,0
York City Council,1211.2,2100.93,417.66,2447.3,761.97,216.31,6.01,0,0,15.78,1.98,0,73.98,0,523.69,0,2.44,211.67,0
Cherwell District Council,715.44,2.54,2.05,3668.12,0,14.19,2.71,0,0,0,0,56.65,77.36,2826.8,0,0,0,0,0
Telford and Wrekin Council,15.26,1789.86,75.06,2723.81,626.68,231.1,4.06,18.68,108.3,40.92,4.39,7.28,57.48,1749.98,6.14,19.57,1.22,266.14,25.21
South Staffordshire Council,17.73,26.37,0,2379.86,0,12.87,0,0,0,0,0,158.32,2.75,2851.9,0,0,0,0,0
Mole Valley District Council,0,36.79,0,1901.89,0,7.14,0,0,0,0,0,22,3.69,2575.24,0,0,0,0,0
Arun District Council,0,0,0,1331.42,0,9.61,0,0,0,0,0,0,36,3559.02,0,0,0,0,0
Stockport MBC,0,3815.62,0,7411.5,0,5.92,0,0,0,0,0,0,32.588,3080.62,0,0,0,0,0
Dudley MBC,1390.89,2994.211,133.33,3355.08,573.06,132.206,3.659,0,0,60.08,3.69,13.886,46.188,711.5,0,0,32.803,373.32,0
Lewisham LB,2.82,27.18,17.58,465.57,171.46,52.71,0,0,0,0,0.06,304.05,32.34,4461.51,2.29,0,110.74,142.84,0
North Somerset Council,1567.74,3821.76,529.19,5215.1,1201.97,353.37,9.7,0.99,0,75.96,5.25,15.81,75.37,0,581.17,0,0,535.6,70
Fenland District Council,50.59,19.763,0,2440.54,0,0,0,0,0,0,0,0,35.6,2285.376,4.9,0,0,0,0
Halton Borough Council,19.48,131.43,96.9,1347.78,483.22,136.91,4.63,6.12,0,39.96,2.66,33.34,178.19,2054.1,58.32,0,50.72,334.06,1.79
Derbyshire County Council,51.61,686.46,641.9,1915.21,2174.48,814.55,24.36,54.42,16.94,185.28,17.36,218.77,180.22,0,251.24,0,0.77,1410.9,5.94
Southend-on-Sea Borough Council,16,108,84,2928,711,144,0,0,0,0,0,170,12,4015,36,0,0,414,0
Worcester City Council,28.93,13.62,0,302.52,0,1.55,0,0,0,0,0,126.25,27.98,2654.8,0,5.61,0,0,0
Chorley Borough Council,33.89,975.69,0,1983.96,0,26.34,0,0,0,0,0,0,6.35,1526.34,0,19.64,0.79,0,0
East Lindsey District Council,534.56,17.81,0.071,2572.98,0,0,0,0,0,0,0,276.56,74.824,2684,0,42.169,0,0,0
West Oxfordshire District Council,590.4,941.336,81.27,3097.65,0,8.1,0,0,0,0,0,228.54,39.838,677.03,217.98,0,0,0,0
Taunton Deane Borough Council,675.425,1165.369,120.885,1692.04,0,0,0,0,0,0,0,40.594,34.253,0,140.681,13.238,0,0,0
Surrey Heath Borough Council,54.85,80.14,9.66,1440.94,0,6.46,0.68,0,0,0,0,33,43.43,2736.46,5.53,0,0,0,0
Mid Sussex District Council,0,14.5,0,1101.56,0,5.6,0,0,0,0,0,0,8.95,3478.39,0,0,0,0,0
Wolverhampton MBC,0,124.56,101.57,4569.4,718.66,135.03,0,10.56,0,101.9,6.1,0,18.96,4472.67,22.01,0,0,504.44,0
Bexley LB,845,2945,181,4155,793,204,3,10,0,18,8,311,305,1467,53,0,74,751,0
Reading Borough Council,550.9,117.51,128.76,1620.51,547.67,154.16,6.24,11.47,99.78,70.32,3.18,3.13,93.6,2498.48,12.12,0,3.12,364.22,19.14
Carlisle City Council,602.38,1172.46,154.48,1518.32,0,0,0,0,0,0,0,77.218,0,0,263.14,0,0,0,0
Derby City Council,13.2,172.69,142.91,1378.18,533.62,269.02,6.29,7.12,0,62.72,6.29,32.37,37.04,4610.9,66.33,0,0,15.54,1.13
East Sussex County Council,136.46,661.61,572.76,2028.715,764.96,866.15,20.2,14.33,384.058,125.52,14.39,77.22,43.28,0,7.86,0,0,1237.01,9.82
Worcestershire County Council,47.76,692.77,828.175,3450.56,2172.895,429.866,20.154,0,0,250.12,15.844,0,102.59,5.44,0,5.838,0.086,2643.64,0
East Riding of Yorkshire Council,140.66,493.949,394.17,9802.36,1532.96,579.27,10.91,35.38,124.6,153.56,8.73,2.4,168.798,8431.46,10.71,0,0.14,1576.09,0
Ashford Borough Council,25.08,35.78,0.5,2118.54,0,3.97,0,0,0,0,0,0,6.62,3115.16,0,0,0,0,0
Pendle Borough Council,54.8,768.88,0.29,505.76,0,31.33,0,0.81,0,0,0,0,11.93,938.76,0.55,46.95,2.97,0,0
South Kesteven District Council,0,7.318,0.071,1790.04,0,0,0,0,0,0,0,161.51,25.052,3758.319,0,0,10.9,0,0
Richmondshire District Council,321.28,480.24,57.415,476.96,0,1.68,0,0,0,0,0,0,27.964,0,74.84,0,1.693,0,0
Harrogate Borough Council,277.87,52.062,2.25,2091.21,0,6.058,0,0,0,0,0,0,34.07,2597.34,2.04,13.906,1.927,0,0
St Edmundsbury Borough Council,471.211,175.315,0,2846.62,0,22.693,3.398,0,0,0,0,241.997,37.166,2110.25,4.7,0,0.408,0,0
Rugby Borough Council,0,0,0,2076.42,0,0,0,0,0,0,0,57.57,0.46,2527.9,0,0,0,0,0
Greater Manchester WDA (MBC),0,1786.23,1742.93,2755.19,7891.48,2343.52,44.96,85.48,0,566.5,31.11,0,559.03,251.52,113.23,35.3,3.64,8687.8,0
Greenwich LB,0,34.86,116.13,3318.7,973.28,116.78,2.06,11.74,0,52.06,2.86,0.4,103.802,5368.36,23.72,18.235,60.24,635.62,1.76
Tower Hamlets LB,0,15.02,3.62,239.04,159.2,58.9,0.62,0,0,0,0.76,0,92.8,3082.28,1.58,0,0,0,0
Bath and North East Somerset Council,1101.87,2269.7,354.92,3343.79,954.6,254.06,9.76,9.11,0,87.1,6.98,21.62,67.47,0,287.11,2.84,0,876.72,0
South Derbyshire District Council,50.56,860.59,4.53,2099.7,0,1.24,0,0,0,0,0,0.17,31.66,974.98,8.66,6.1,1.06,0,0
Cotswold District Council,686.93,1053.47,144.86,2913.78,0,9.7,0,0,0,0,0,25.85,53.3,0,140.97,20.02,1.65,0,0
South Ribble Borough Council,2.71,993.21,0,1884.06,0,0.56,0,0,0,0,0,17.4,6.77,1410.46,0,24.95,0,0,0
Harborough District Council,0,549.844,0,2042.45,0,1.097,0,0,0,0,0,502.831,47.08,1751.02,0,1.577,0,0,0
Breckland Council,236.591,19.48,0.12,1646.72,0,7.84,0,1.76,0,0.14,0,0.256,12.251,2839.3,0,0,0,0,0
Oldham MBC,0,1905.22,0,2779.25,0,0,0,0,0,0,0,0,0,1920.14,0,0,0,0,0
Doncaster MBC,42.77,416.955,252.608,4578.42,943.46,343.009,8.585,11.64,0,64.2,6.696,2.473,107.31,4493.16,98.89,18.827,0.792,1354.08,0
Hounslow LB,921.08,1824.78,506.34,2609.64,229.05,91.25,9.61,0,0,11.08,7.78,742.22,174.56,0,524.6,47,96.11,119.04,0
Cambridgeshire County Council,71.63,651.04,743.03,1892.9,2196.84,825.14,24.07,0,651.72,180.84,24.08,0,103.2,0,178.81,89.64,0,2030.42,6.55
North Devon District Council,591.592,1012.791,86.191,1974.085,0,15.761,0,0,0,0,0,0,48.058,0,113.114,25.915,0,0,0
Tewkesbury Borough Council,0,2.96,1.7,1722.1,0,8.38,0,0,0,0,0,26.09,47.15,2156.42,0,36.14,0,0,0
Sevenoaks District Council,561.58,170.65,0,1062.66,0,14.02,0,0,0,0,0,0,44.457,1829.94,0,0,0,0,0
North West Leicestershire District Council,504.85,956.765,1.34,1674.8,0,10.323,0,0,0,0,0,69.787,16.621,333.34,0,14.829,1.011,0,0
Norwich City Council,126.58,0,0.12,1204.84,0,10.14,0,0.74,0,0,0,0,0,2730.46,0,0,0.01,0,0
East Northamptonshire Council,0,0,0,861.78,0,0,0,0,0,0,0,0,6.43,2184.76,0,0,0,0,0
Oxford City Council,32.46,27.21,6.26,1873.55,0,17.52,1.58,0,0,0,0,281.15,64.76,4180.8,5,0,0,0,0
Somerset County Council,207.082,1028.208,904.246,4720.115,1042.518,939.317,23.86,0,0,200.195,12.75,112.67,174.44,0,25.6,0,5.344,0,0
Tameside MBC,0,1934.04,0,2315.18,0,6.72,0,0,0,0,0,0,2.56,2203.28,0,0,0,0,0
Sandwell MBC,24.77,136.72,148.4,3831.03,805.96,187.19,6.6,21.7,242.12,51.12,3.96,12,137.61,6660.98,21.68,0,68.15,438.35,0
Bromley LB,119.02,4122.54,177.28,5950.62,805.44,264.51,0,4.22,0,25.68,7.34,146.76,51.1,2783.07,15.95,0,106.88,0,0
Newham LB,2.96,135.63,156.87,476.58,702.46,132.75,1.98,50.06,0,0,1.44,947.7,21.88,3114.2,41.87,0.15,0,54.79,2.52
Huntingdonshire District Council,0,1.56,0,4328.24,0,0.58,0,0,0,0,0,7.74,51.83,4509.22,0.76,0,0,0,0
Hartlepool Borough Council,403.11,70.4,55.81,844.7,285.67,75.58,0,16.33,32.66,0,0,81.74,15.13,1024.87,25.57,0,18.57,326.1,0
Stockton-on-Tees Borough Council,800.2,1423.47,213.33,971.01,407.57,120.84,0.86,6.04,0,0,2.57,0,8.72,0,232,0,27.11,2604.1,0
Cumbria County Council,18.94,496.51,495.06,729.94,1503.14,734.92,15.52,26.76,0,273.44,22.4,3.647,273.74,0,42.24,0,0,2238.42,30.592
Mid Devon District Council,432.4,508.036,78.996,2225.735,0,8.96,0,0,0,0,0,129.56,40.524,33.736,34.29,0,0,0,0
Brentwood Borough Council,468.9,0,5.43,1100.38,0,4.713,0,0,0,0,0,211.216,13.376,1685.96,0,29.983,0,0,0
Basingstoke and Deane Borough Council,966.58,62.51,0,431.24,0,39.336,0,0,0,0,0,3.991,101.575,2246.91,0,46.096,0,0,0
Wychavon District Council,56.59,22.92,1.54,1089.78,0,4.29,0,0,0,0,0,161.71,37.61,3356.32,0,14.2,0,0,0
Tonbridge and Malling Borough Council,567.57,790.7,76.37,3238.62,0,51.32,0,0,0,0,0,0,38.43,0,74.54,0,0,0,0
Wellingborough Borough Council,55.727,0,0,635.04,0,0,0,0,0,0,0,0,55.473,1886.44,0,0,0,0,0
West Somerset District Council,240.723,520.407,39.28,443.17,0,0,0,0,0,0,0,5.884,6.364,0,45.553,5.626,0,0,0
Forest Heath District Council,240.231,64.556,0,1411.34,0,0.727,0,0,0,0,0,215.048,19.299,1027.63,3.16,0,0.284,0,0
Warwickshire County Council,69.12,746.7,264.73,1161.29,1675.49,834.02,14.79,0,0,107.54,11.26,0.4,409.36,0,45.43,27.5,58.28,0,0
St Helens MBC,745.8,1469.7,225.9,2519.14,0,29.5,0,0,0,0,0,110.2,14.2,0,216.3,0,0,948.6,0
Gateshead MBC,59.23,1112.56,117.78,1064.46,0,190.36,3.8,22.88,0,67.05,2.24,0,229.05,3065.12,66.11,0,42.62,311.93,0
Hammersmith and Fulham LB,0,31.69,21.08,123.18,0,67.21,0.02,0.06,0,0,0.44,34.62,61.97,3181.57,2.52,0,0.11,0,0
Wandsworth LB,4.96,73.68,33.26,295.4,0,90.91,0,0.06,0,0,0.75,248.2,85.73,5091.08,0.88,0,0.19,0,0
Slough Borough Council,0,32.16,91.82,928.98,158.84,47.28,1.96,3.24,0,37.46,2.54,0,78.29,2236.66,5.64,0,49.78,46.08,10
Aylesbury Vale District Council,0,0,0,2653.18,0,0,0,1.16,0,0,0,0,45.42,4481.38,0,0,0,0,0
Peterborough City Council,65.44,120.621,86.06,3254.68,482.96,95.86,2.39,0,142.44,50.48,3.33,100.71,54.45,4197.2,0,0,0,138.34,0
Copeland Borough Council,341.92,591.72,66.74,450.2,0,6.285,0,0,0,0,0,93.163,9.66,0,68.44,0,0,0,0
Devon County Council,211.795,1244.215,1075.986,5405.1,3840.46,1723.085,34.409,10.675,0,168.12,20.344,324.948,744.817,0,242.788,0,249.109,1020.972,0
Epping Forest Borough Council,852.88,10.67,0,3473.98,0,11.136,0,0,0,0,0,198.622,25.55,2805.485,0,11.618,0.396,0,0
Gosport Borough Council,229.68,48.8,0,45.42,0,2.26,0,0,0,0,0,0,55.15,1186.44,0,0,0,0,0
Malvern Hills District Council,121.97,15.4,0.36,393.42,0,1.72,0,0,0,0,0,168.81,17.15,1780.5,0,0,0,0,0
East Hertfordshire District Council,0,1007.43,0,3256.52,0,0.92,0,0,0,0,0,0,16.834,2093.16,0,0,0,0,0
Canterbury City Council,92.74,1234.66,0,2867.57,0,7.29,0,0,0,0,0,0,22.3,1650.91,0,0,0,0,0
Blackpool Borough Council,91.56,1257.198,72.479,1263.8,351.94,170.437,1.84,0,19.64,22.28,2.24,8.519,61.264,1413,19.92,25.327,17.763,97.54,3.76
Leicestershire County Council,90.06,821.706,738.286,2721.36,0,837.093,25.514,0,0,278.12,23.873,29.734,141.435,0,6.404,18.972,0,0,0
Blaby District Council,45.776,111.968,8.985,973.86,0,6.033,0.962,0,0,0,0,420.393,98.161,2228.336,5.251,20.973,0,0,0.518
Broxtowe Borough Council,471.72,2.91,1.15,1102,0,5.99,0,0,0,0,0,459.63,8.04,1821.1,0,0,0.19,0,0
Suffolk Coastal District Council,807.97,8.7,201.23,3449.06,29.64,0.25,5.28,0.2,0,2.82,2.4,415.58,15.87,2526.67,0,0,0.538,0,0
Stratford-on-Avon District Council,0,0,0,4013.28,0,10.59,0,0,0,0,0,93.7,1.871,3565.18,0,0,0,0,0
Sunderland City Council,0,184.77,96.29,1923.37,0,118.96,0.74,8.38,0,58.09,2.21,73.47,221.86,4705.32,43.87,0,51.3,637.03,0
Kirklees MBC,1272,343,257,2555,978,332,3,24,0,157,10,37,60,5486,16,0,1,2008,13
Wycombe District Council,0,1923.95,0,4147.52,0,0,1.278,1.66,0,0,0,0,30.96,1834.24,0,0,0,0,0
Portsmouth City Council,509.99,154.72,160.16,744.71,0,121.06,3.89,0,0,40.76,2.37,84.22,77.13,2266.56,0,0,0,578.43,0
Stevenage Borough Council,425.72,837.82,0,1251.8,0,5.997,0,0,0,0,0,199.01,16.895,216.31,0,0,0,0,0
Gravesham Borough Council,256.42,15.03,0.92,1191.8,0,18.55,0,0,0,0,0,0,14.53,1460.62,0,0,0,0,0
Hinckley and Bosworth Borough Council,35.94,1138.941,3.863,1751.12,0,9.617,0,0,0,0,0,501.47,34.177,1117.28,4.272,67.077,0,0,0
Broadland District Council,237.67,116.936,0.248,2589.26,0,4.16,0,0,0,0,0,0.089,18.167,2896.52,4.604,0,0.01,0,0
Northamptonshire County Council,54.19,830.38,628.63,2278.09,0,824.35,26.47,13.04,0,235.02,26.44,445.36,113.69,0,146.58,0,0.52,2165.14,81.41
Lichfield District Council,1.953,3.56,0,2220.5,0,3.195,0,0,0,0,0,220.78,12.82,2912.26,0,0,0,0,0
Elmbridge Borough Council,0,1.55,0,2973.2,0,7.69,0,0,0,0,0,58,10.78,3546.28,0,0,0.38,0,0
City of London,0,0,0,26,0,4.66,0,0,0,0,0,55.32,2.98,228.53,0,0,0,0,0
Royal Borough of Kensington and Chelsea,0,41.55,25.88,318.59,0,67.63,0,0,0,0,0.58,47,35.46,4558.49,0.69,0,0.15,0,0
Darlington Borough Council,418.59,953.18,51.23,702.94,269.92,58.693,0,11.12,0,17.92,0,0,36.621,546.21,19.39,29.655,0.24,1612.56,0
Winchester City Council,426.98,4.85,0,1142.92,0,3.52,0,0,0,0,0,0,52.71,2015.92,0,0,0,0,0
Shepway District Council,1.065,1310.66,0,1697.38,0,10.29,0.321,0,0,0,0,0,26.376,1404.32,0,0,0,0,0
Oadby and Wigston Borough Council,212.76,643.663,32.14,430.26,0,2.506,0,0,0,0,0,151.927,26.118,0,65.36,0,0,0,0
South Norfolk Council,227.916,25.56,0,1760.574,0,14.06,0,2.56,0,0,3.54,1.17,48.887,3048.72,0,0,0.013,0,0
Kettering Borough Council,0,604.69,4.42,1992.52,0,0,0,0,0,0,0,0,9.767,1785.75,5.36,0,0,0,0
Nottinghamshire County Council,378.19,838.84,774.84,3826.11,2714.48,678.87,17.99,18.27,0,380.56,13.05,0,269.94,0,31.53,0,0,2649.17,0
Staffordshire Moorlands District Council,34.93,511.5,0,2400.84,0,2,0,0,0,0,0,231.78,6.64,1489.83,0,6.7,0,0,0
Reigate and Banstead Borough Council,0,2052,0,2717,0,5,0,0,0,0,0,0,49,1364,0,0,0,0,0
Chichester District Council,0,173.77,0,945.28,0,18.96,0,0,0,0,0,0,7.74,3228.52,0,0,0,0,0
Merseyside WDA (MBC),109.74,1006.8,1210.26,3319.04,5646.47,1212.218,26.48,52.56,0,346.6,20.38,302.28,1437.47,193.7,518.83,0,729.46,6140.56,68.69
Croydon LB,38.033,2647.71,185.39,5218.62,1093.89,305.609,6.31,1.74,0,87.96,5.5,1.02,131.23,3202.42,124.992,0,73.75,1342.98,0
Richmond upon Thames LB,0,3090.82,136.52,3911.12,161.57,128.36,4.32,0,0,20.66,1.1,26.78,89.5,2074.36,0,25,42.74,463.22,0
Warrington Borough Council,9.87,209.67,146.714,3001.14,686.56,139.628,0.714,0,0,30.84,5.57,86.75,139.971,4879.04,53.46,7.609,32.56,330.519,0
Amber Valley Borough Council,740.62,56.73,0.44,705.9,0,10.02,0,0,0,0,0,0.14,0,1933.48,0.6,5.6,0,0,0
Castle Point Borough Council,490.018,5.291,0.045,1434.32,0,0.921,0,0,0,0,0,62.373,24.665,1807.18,0.171,5.539,0,0,0
Thurrock Council,0,63.54,51.228,2463.46,534.04,67.005,1.369,0,77.96,18.54,3.4,0,12.48,2892,0,0,0,261.72,6.23
East Hampshire District Council,769.17,1.488,0.02,316.06,0,5.16,0,0,0,0,0,0,48.12,2021.98,0.015,0,0,0,0
Hertfordshire County Council,118.6,1234.95,1197.53,2232.28,2637.68,1416.64,57.25,38.08,0,224.74,30.29,26.39,248.69,70.44,285.65,0,0.78,1960.71,0
Tunbridge Wells Borough Council,567.57,1705.18,8.35,2614.66,0,6.08,0,0,0,0,0,4.82,16.545,271.47,0,0,0,0,0
Fylde Borough Council,16.67,946.35,0,1460.9,0,4.35,0.92,1.13,0,0,0,0,12.96,883.95,13.17,13.276,0.36,0,0
Blackburn with Darwen Borough Council,27.53,173,150.87,1211.71,0,140.77,3.15,2.3,0,100.91,3.11,18.22,132.27,3383,63.36,0,47.6,0,0
Lincoln City Council,34.38,59.679,8.434,1205.04,0,0,0,0,0,0,0,75.83,90.83,1991.38,0,3.042,9.28,0,0
Craven District Council,7.87,648.879,0,494.62,0,3.345,0,2.31,0,0,0,0,14.601,734.86,0,0,1.423,0,0
Tandridge District Council,5.08,71.2,0.22,1440.53,0,9.58,0.32,0,0,0,0,0,32.12,2295.26,0.41,0,0,0,0
Worthing Borough Council,0,36.13,0,853.86,0,0,0,0,0,0,0,0,10.48,2350.32,0,0,0,0,0
Sefton MBC,1347.03,2054.91,301.54,4107.66,0,24.01,0,0,0,0,0,0,53.1,1705.36,8.84,0,0.72,0,0
Newcastle-upon-Tyne City Council MBC,0,190.12,114,1969.72,723,160.96,0.99,9.44,0,46,3.11,10,300.25,4806.7,0,0,4,823,0
Harrow LB,0,0,113.4,4726,222.5,153.5,4.2,0,0,12.1,4.4,101.4,123.66,4430.2,0,0,50.3,0,0
South Bucks District Council,0,494.26,0,1123.1,0,10.679,0,9.76,0,0,0,0,47.346,1206.537,0,0,0,0,0
Erewash Borough Council,0,0,0,1641.24,0,28.97,0,0,0,0,0,0,8.53,2923.13,0,0,0,0,0
Plymouth City Council,464.68,379.08,307.22,1667.53,1082.54,433.89,7.57,2.28,0,114.42,6.76,34.01,94.27,4372.04,32.27,2.86,0,1216.51,0
Brighton and Hove Council,1417.9,294.995,148.4,639.56,210.62,245.16,5.62,2.34,75.16,45.06,1.96,59.58,122.36,3470.81,3.32,0,2.396,433.82,1
Harlow District Council,3.049,8.495,0.218,843.46,0,4.597,0,0,0,0,0,152.727,19.595,1940.12,0.181,0,0,0,0
Hart District Council,747.1,5.06,0,672.66,0,6.995,0,0,0,0,0,0,53.655,1580.56,0,0,0,0,0
Hertsmere Borough Council,18.239,668.755,0.115,1820.56,0,3.326,0,0,0,0,0,0,8.721,1370.74,0.453,0,0,0,0
Preston City Council,5.68,1277.82,7.82,1480,0,15.11,0.04,0.73,0,6.86,0,96.86,10.677,1235.4,22.58,49.48,0.028,0,0
West Lindsey District Council,4.05,36.104,0.071,1969.66,0,0,0,0,0,0,0,262.79,36.719,2316.83,0,7.834,7.18,0,0
Selby District Council,536.09,842.28,70.58,1645.68,0,4.73,0,0,0,0,0,0,15.66,0,152.7,0,0.7,0,0
Gedling Borough Council,647.22,29.66,3.27,972.22,0,11.65,0,0,0,0,0,163.07,11.12,2004.73,0.63,0,0,0,0
Staffordshire County Council,50.64,782.93,598.53,1729.84,72,942.95,25.18,24.34,0,110.46,19.95,91.62,600.78,0,239.57,3.3,61.21,2689.01,126.65
Bolton MBC,5.468,2530.353,0.868,3531.3,0,0,0,0,0,0,0,23.98,12.257,2527.28,0,13.945,0,0,0
Leeds City Council MBC,2313.45,780.67,438.13,7485.12,2014.7,547.43,13.92,26.67,0,210.22,2.66,29.17,187.4,9322.06,2.99,209.95,0.86,0,27.55
Barnet LB,19.44,206.64,125.84,5195.32,784.7,211.5,4.76,7.8,0,56.24,4.86,4.72,173.39,6662.52,2.21,27.41,0,599.24,0.36
Lambeth LB,0,113.88,49.89,1614.93,124.66,152.1,2,1.1,0,0,1.18,68.93,65.32,4889.6,5.48,7.5,0.32,0,0
South Gloucestershire Council,1359.94,2767.38,470.2,4722.36,1316.7,371.84,14.9,18.4,0,95.92,13.88,14.1,378.31,820.49,76.9,0,30.1,811.8,0
Derbyshire Dales District Council,0,721.061,0,1778.32,0,8.44,0,0,0,0,0,0,19.76,970.8,0,0,0,0,0
Lewes District Council,536.178,914.434,64.414,294.73,0,4.18,0,0,0,0,0,0,18.201,0,88.95,0,1.713,0,0
Tendring District Council,391.763,1346.73,0,659.5,0,0,0,0,0,0,0,157.968,22.587,307.7,0,119.951,0.675,0,0
Forest of Dean District Council,495.36,602.79,108.52,1931.24,0,6.82,0.78,0,0,0,0,5.94,33.29,0,43.08,48.01,1.62,0,0
Rushmoor Borough Council,476.32,13.6,0,439.7,0,2.18,0,0,0,0,0,0,46.63,1207.68,0,0,0,0,0
Bromsgrove District Council,14.3,4.3,0,1215.36,0,4.86,0,0,0,0,0,362.07,5.6,2588.01,0,30.29,0,0,0
Three Rivers District Council,12.88,9.1,0,2719.25,0,3.41,0,0,0,0,0,0,11.03,2443.47,0,0,0,0,0
Isle of Wight Council,49.02,56.88,367.59,3211.4,511.28,164.42,16.96,25,0,21.3,1.76,0,20.14,3567.46,75.88,3.72,0,822.24,0
West Lancashire Borough Council,20.2,1031.948,2.65,2038.88,0,8.409,0,0,0,0,0,0.608,21.09,1197.88,0,9.478,6.4,0,0
North Yorkshire County Council,184.13,1113.319,764.265,2029.108,2010.64,794.011,19.981,29.093,0,12.74,18.7,56.836,49.645,2.66,74.77,0,0,363.177,0
Rushcliffe Borough Council,513.22,14.51,0,2220.92,0,0,0,0,0,0,0,350.02,12.44,2004.32,0,0,1.16,0,0
Newcastle-under-Lyme Borough Council,687.297,1044.349,155.346,2958.48,0,5.739,0,0,0,0,0,482.62,25.059,0,210.929,21.572,0,0,0
Epsom and Ewell Borough Council,482.92,481.37,91.83,1333.98,0,4.92,0,0,0,0,0,16,10.74,731.14,1.61,2.19,0,0,0
West Sussex County Council,0,1272.02,1171.56,5443.83,623.76,1783.74,57.27,56.14,0,283.61,28.36,80.83,397.87,114.22,0,41.54,0,4046.91,0
Rochdale MBC,0,1797.84,0,1723.19,0,0,0,0,0,0,0,0,23.942,1961.14,0,0,0,0,0
Rotherham MBC,125.76,1906.673,204.068,2098.06,0,274.694,4.806,0,0,53.12,4.239,17.498,241.285,1460.82,115.98,0,184.143,771.56,0
Birmingham City Council,304.12,6836.33,345.09,5778.39,1554.63,493.07,16.93,0,0,0,3.56,117.33,180.1,4228.98,33.07,0,1.19,3019.64,0
Sutton LB,1.48,86.76,105.93,1390.38,563.39,139.36,2.67,6.24,0,26.28,3,0,34.3,3912.56,40.26,0,26.58,542.82,0
Cambridge City Council,2.192,74.346,0.16,2414.38,0,2.135,0.797,0,0,0,0,12.16,63.267,2974.511,0.288,0,0,0,0
Redditch Borough Council,3.53,1.04,0,0,0,6.29,0,0,0,0,0,215.54,35.03,2139.76,0,21.46,0,0,0
Lancashire County Council,166.61,1855.237,1390.752,1979.25,4699.26,1224.552,37.642,30.79,0,672.63,31.428,0,218.621,0,534.547,221.52,98.808,0,1.58
Lincolnshire County Council,79.71,496.99,542.065,3151.34,1902.16,918.66,8.001,0,80.2,226.52,11.952,40.38,110.739,0,139.99,9.56,36.813,1257.78,0
Nottingham City Council,59.47,69.06,84.85,1963.28,414.32,112.65,2.26,0,14.2,26.34,1.24,127.44,15.87,4845.45,49.26,0,1.41,2205.75,0
South Oxfordshire District Council,10.06,6.752,0,3394.99,0,1.657,0.672,0,0,0,0,97.23,61.054,4766.449,0.508,0.31,0,0,0
Mendip District Council,769.77,1240.118,113.792,1409.32,0,0,0,0,0,0,0,34.532,57.554,0,147.508,6.317,0,0,0
Stoke-on-Trent City Council,11.48,822.536,136.12,2039.24,684.34,245.016,5.174,0,59.8,52.9,3.44,3.88,41.084,3415.84,3.8,14.9,4.919,484,0
Runnymede Borough Council,18.726,16.846,0,1046.92,0,0,0,0,0,0,0,30.04,9.942,1631.1,0,0,0,0,0
Crawley Borough Council,0,0,0,249.06,0,5.46,0,0,0,0,0,0,31.24,1805.72,0,0,0,0,0
Trafford MBC,0,2933.83,0,6476,0,4.94,0,0,0,0,0,0,28.05,2507,0,0,0,0,0
Solihull MBC,984.765,246.978,101.64,3723.6,169.94,135.073,7.02,0,0,21.28,2.576,33.974,47.71,3256.79,2.982,0,0,926.4,32.06
Enfield LB,0,155.11,81.88,4071.71,231.02,200.785,0,0,0,0,0,168.66,80.76,6349.59,26.1,16.801,0,0,0
Bracknell Forest Borough Council,551.02,122.15,118.33,1863.33,460.88,176.63,10.84,2.79,65,32.65,4.55,52.64,131.47,1851.91,8.76,0,3.16,319.15,18.69
Allerdale Borough Council,191.54,1205.58,5.4,1330.3,0,4.83,0,0,0,0,0,0,0,731.06,7.16,0,0,0,0
Bolsover District Council,14.085,367.273,0,1031.1,0,9.88,0,0,0,0,0,2.88,8.752,1165.54,0,0,0,0,0
Wyre Forest District Council,11.04,8.48,0,426.42,0,4.01,0,0,0,0,0,226.36,19.3,2584.08,0,0,0,0,0
Hyndburn Borough Council,420.28,704.63,0,393.9,23.94,9.8,0.63,0.65,0,0,0,0,0.84,277.8,0,19.78,0,0,0
North Kesteven District Council,41.74,0,0,2028.92,0,0,0,0,0,0,0,100.99,3.199,2854.2,0,0,5.98,0,0
Hambleton District Council,558,706.84,92.23,1833.04,0,6.7,0,0,0,0,0,0,17.31,0,94.13,0,1.57,0,0
South Somerset District Council,1130.194,1882.24,169.424,2209.59,0,0,0,0,0,0,0,54.236,68.448,0,218.854,21.094,0,0,0
Ipswich Borough Council,412.74,86.14,9,2061.3,25.08,48.65,0,0,0,1.88,0,181.61,21.26,2220.22,0,63,0.39,17.54,0
Waverley Borough Council,0,47.23,0,1748,0,5.47,0,0,0,0,0,54,23.95,3616,0,0,0,0,0
North Warwickshire Borough Council,463.34,707.94,132.66,1444.32,0,0,0,0,0,0,0,42.3,0,0,0,0,0,0,0
Hillingdon LB,135,316,101,3439,239,141,1,0,0,24,3,0,157,4744,21,0,103,199,0
Windsor and Maidenhead Borough Council,0,68.48,100.96,2689.84,371.64,147.6,6.5,0,63.62,35.56,1.66,25.54,22.82,4154.08,0,0,0,194.12,0
Eden District Council,0,642.15,0,830.94,0,8.44,0,0,0,0,0,157.062,17.46,525.98,38.18,0,0,0,0
High Peak Borough Council,537.88,0,0,1436.3,0,4.12,0,0,0,0,0,0,8.35,1508.54,0,0,1.53,0,0
Poole Borough Council,0,136.97,165.15,2442.04,714.44,246.82,5.84,6.62,0,59.1,3.4,11.26,50.95,3469.93,0,23.43,0,421.3,0
Eastbourne Borough Council,348.2,0,0,917.339,0,1.9,0,0,0,0,0,28.559,0,1719.88,0,0,0,0,0
Gloucestershire County Council,82.8,641.028,564.242,1843.46,811.81,597.648,25.994,0,321.36,245.74,18.4,31.023,80.97,0,34.289,0,0.108,1843.84,0
Dartford Borough Council,399.65,10.55,0.92,317.5,0,3.44,0,0,0,0,0,0,21.74,1686.08,0,0,0,0,0
Ribble Valley Borough Council,20.25,512.54,1.32,781.08,0,2.48,0,0,0,0,0,0,3.437,571.44,0,0,0,0,0
Scarborough Borough Council,40.18,0,11.24,2122.36,0,0,0,0,0,0,0,0,0,3071.5,0,0,0,0,0
Waveney District Council,524.146,0,0,2989.04,0,0,0,0,0,0,0,185.05,7.76,2488.56,0,0,0,0,0
Warwick District Council,628.42,1281.44,63,3029.74,0,0,0,0,0,0,0,615.2,21.4,201.38,201.1,0,0,0,0
Bury MBC,0,2189.4,0,3330.64,0,5.98,0,0,0,0,0,0,6.89,2088.12,0,0,0,0,0
Brent LB,2.3,51.97,46.3,3685.52,36.88,37.16,0,2.74,12.74,5.24,1.68,231.22,126.61,5117.72,9.2,0,12.88,29.66,0
Merton LB,11.35,120.57,84.24,1662.68,521.46,147.35,0.67,0,0,22.72,2,1.86,101.38,3985.94,38.76,0,39.88,531.32,0
East Devon District Council,1053.68,1296.41,157.8,1452.676,0,2.115,0,0,0,0,0,479.95,105.877,0,168.36,6.477,0,0,0
Rother District Council,525.41,76.248,3.14,1322.952,0,22.25,0,0,0,0,0,0,43.16,1706.508,0,0,0,0,0
Gloucester City Council,617.81,914.39,119.44,1554.7,21.64,16.72,0,0,0,0,0,38.21,25.1,0,167.97,92.61,0.92,0,0
Maidstone Borough Council,36.51,46.21,0,2817.04,0,2.12,0,0,0,0,0,0,5.01,3886.3,0,0,0,0,0
Wyre Borough Council,17.71,1244.36,0.135,2015.02,0,13.148,0,0.42,0,0,0,0.207,20.77,1007.91,0,33.629,0,0,0
Leicester City Council,57,314,202,686,803,184,4,3,0,29,6,0,41.4,4024,0,8,0,821,3
Great Yarmouth Borough Council,72.13,4.97,0,464.76,0,30.04,0,0.11,0,0,0,0,4.25,2294,0,0,0.01,0,0
Corby Borough Council,11,0,0,786.8,0,0,0,0,0,0,0,335.32,20.42,1572.12,0,0,0,0,0
Oxfordshire County Council,85.46,689.75,682.41,1839.82,2309.46,905.03,24.92,11.66,0,127.82,4.8,52.33,85.9,0,31.16,127.5,0,436.35,0
Salford City Council MBC,0,2463,0,2786,0,0,0,0,0,0,0,0,0,2101,0,0,0,0,0
Sheffield City Council,106,3899.5,343.8,1877.3,875.5,387.4,8.9,0,0,93.8,3.8,18.3,81.9,4560.1,0,0,0,0,0
Coventry City Council,0,209.42,86.13,2721.27,685.08,177.36,3.72,6.75,194.13,50.73,2.53,2.05,166.84,5164.28,31.78,0,30.92,1787.34,8.45
Hackney LB,457.78,189.79,67.44,1615.9,78.84,77.45,0,2.16,0,0,0,3.18,111.89,4335.18,0,14.89,83.84,0,0
Waltham Forest LB,6.44,108.98,74.2,1798.14,538.3,129.48,0,0.2,0,38.78,2.84,120.28,132.4,5456.32,13.48,7.54,0,669.78,9.26
East Cambridgeshire District Council,47.088,16.68,0,2132.9,0,0,0,0,0,0,0,19.976,4.944,1988.714,1.6,0,0,0,0
Redcar and Cleveland Borough Council,32.17,821.96,52.82,1642.95,405.06,71.201,0,9,10.94,30.52,1.196,39.09,12.233,2191.87,20.73,0,54,519.78,0.984
South Hams District Council,517.48,1294.58,9.71,2196.66,0,6.22,0,0,0,0,0,255,48.81,187.13,0,36.74,2.97,0,0
Basildon District Council,865.386,42.8,13.409,3761.34,170.08,52.7,0,0,0,0,0.167,199.332,38.439,3561.23,0,0,0,0,0
Kingston-upon-Hull City Council,3.16,265.29,177.54,3422.78,896.06,295.82,3.06,9.28,0,70.08,3.13,0.72,139.72,5608.26,2.05,0,0,891.14,0
Swale Borough Council,39.34,92.3,0,1388.08,0,10.24,0,0,0,0,0,0,23.78,3540.72,0,0,0,0,0
Rutland County Council,34.196,94.784,6.65,1050.22,148.6,126.684,1.2,2.26,0,10.62,0.396,0,10.937,1047.38,19.48,9.26,47.98,174.77,0
Kings Lynn and West Norfolk Borough Council,0,7.38,0,2499.948,0,7.2,0,4.36,0,0.42,0,0,36.6,3704,0,0,0,0,0
Northampton Borough Council,1156.88,2039.65,378.89,3314.72,0,0,0.53,0,0,55.12,0,25.89,15.84,0,523.26,7.26,0,0,0
Vale of White Horse District Council,0,2.725,0,2602.6,0,1.243,0.402,0,0,0,0,84.45,30.907,3828.132,0,0,0,0,0
Sedgemoor District Council,684.963,1144.067,89.438,1760.6,0,0,0.94,0,0,0,0,37.345,43.938,0,176.805,16.39,0.968,0,0
Suffolk County Council,468.1,744.274,947.104,2589.1,2357.04,1205.58,33.999,0,0,123.22,20.424,15.954,203.25,0,400.295,49.779,4.828,1468.74,0
Wigan MBC,20.9,257.1,263.91,4080.24,1099.87,330.86,8.82,23.92,0,66,6.45,33.53,139.8,6522.52,154.23,0,15.54,1216.04,33.5
Knowsley MBC,16.27,6.41,1.03,967,7.52,5.82,0,0,0,0,0,0,30.01,3055.81,0,0,2.34,0,0
Walsall MBC,0,155.38,111.36,3218.08,702.7,189.25,3.73,2.32,0,0,2.44,0,37.54,5812.96,0,0,0,446.02,0
Islington LB,5.66,84.85,54.7,1138.93,284.74,103.75,0,0,0,23.18,0.26,15.18,78.38,3842.8,15.4,34.37,0,258.44,0
West Berkshire District Council,1043.85,2323.31,211.04,4155.2,640.56,323.06,3.81,16.86,0,71.78,6.39,1.27,59.92,376.23,4.9,16.48,1.13,487.85,7.75
South Cambridgeshire District Council,0,972.22,0,4068.17,0,0.42,3.45,0,0,0,0,3.28,8.74,2932.67,6.28,0,0,0,0
Middlesbrough Borough Council,369.453,1470.051,238.663,1111.159,386.391,98.874,0.702,4.725,104.859,19.224,2.097,0,6.697,0,383.501,0,28.08,1605.656,0
Barrow-in-Furness Borough Council,0,239.2,0,536.04,0,0,0,0,0,0,0,54.29,0,1069.34,0,0,0,0,0
Torridge District Council,437.766,606.975,75.462,1266.663,0,18.499,0.486,0,0,0,0,258.09,18.941,0,120.896,6.84,0,0,0
Chelmsford Borough Council,810.8,1623.52,114.8,4205.89,0,12.82,0,0,0,0,0,122.719,8.06,0,359.66,0,0,0,0
Eastleigh Borough Council,782.41,20.02,0,1450.56,0,2.34,1.31,0,0,0,0,0,77.99,1951.68,0,0,0,0,0
Herefordshire Council,44.9,228.102,366.35,1413.04,676.9,144.77,9.22,12.62,0,70.08,6.09,0.19,21.63,4568.087,2.09,5.727,0.017,871.4,0
Broxbourne Borough Council,412.92,668.87,9,1926.7,0,4.26,0,0,0,0,0,0,21.45,282.4,0,0,0,0,0
Kent County Council,327.48,1747.66,1755.44,5347.78,5254.78,1294.11,55.98,2.64,0,325.78,29.28,7.48,308.55,0,0,0,0.42,5144.5,0
Ashfield District Council,545.23,3.52,5.6,755.5,0,10.821,0,0,0,0,0,288.06,8.2,1797.96,4.64,0,0,0,0
Mid Suffolk District Council,986.286,159.329,10.99,2077.16,0,0,0,0,0,0,0,205.676,49.441,3519.18,0,0,0.769,8.18,0
Nuneaton and Bedworth Borough Council,11.105,1136.593,8.93,1776.58,0,12.038,0,0,0,0,0,40.286,8.954,1324.69,0,0,0,0,0
Wirral MBC,23.169,2.72,0,2573.46,0,24.74,0,0,0,0,0,0,43.4,7231.42,0,0,1.237,0,0
North Tyneside Council,77.62,187.31,156.03,1775.92,735.03,164.85,4.88,5.9,0,53.94,0,2.3,80.03,3782.67,25.44,22.84,0,831.14,0
Bradford City MDC (MBC),197,2794,156,4203,1075,358,7,24,152,76,10,0,360,1970,0,97,48,551,19
West London Waste Authority,0,5.82,0.72,187.84,675.38,0,0,0,0,0,0,0,0,0,0,0,10.06,0,0
Redbridge LB,586.2,2262.4,192,1902.5,490.9,141.5,3.3,3.5,0,0,1.1,871.7,41.8,0,242.9,1.1,0,61,3
Wokingham Council,582.21,207.77,222.51,2348.06,911.71,294.99,14.87,13.48,150.59,95.36,6.83,4.48,125.49,2690.2,19,0,4.53,616.88,33.98
South Lakeland District Council,190.04,354.78,13.58,1979.52,0,0,0,0,0,0,0,182.788,0,1409.62,84.86,0,0,0,0
Torbay Council,834.9,1307.38,243.79,2187.51,393.36,174.49,6.94,3.2,0,10.88,5.08,0,48.88,391.24,222.42,28.17,0,120.58,0.32
Maldon District Council,376.4,665.976,1.14,1122.19,0,0,0,0,0,0,0,0,17.708,189.66,0,0,0.429,0,0
Havant Borough Council,451.16,27.715,5.36,434.26,0,2.64,0,0,0,0,0,0,64.795,2050.36,20.45,0,0,0,0
North Hertfordshire District Council,71.37,1120.09,0.94,3195.08,0,5.03,0,0,0,0,0,0,5.69,2156.79,0,0,0,0,0
Dover District Council,0,1190.381,0,1222.01,0,10.65,0.447,0,0,0,0,0,15.762,1272.22,0,0,0,0,0
Charnwood Borough Council,61.844,39.844,0.848,2109.94,0,30.366,3.773,0,0,0,0,196.825,55.272,4486.87,0.046,28.989,0,0,0
Norfolk County Council,258.32,594.75,773.238,4321.271,519.51,1354.006,42.987,7.16,0,149.17,19.325,152.637,142.657,0,52.28,0,39.852,997.87,0
Mansfield District Council,157.24,17.29,4.8,924.36,9.16,0,0,0,0,0,0,466.79,19.09,1625.14,0,0,0,0,0
Cannock Chase Council,3.802,2.917,0,1526.54,0,1.79,0,0,0,0,0,92.56,10.055,2670.55,0,0,0,0,0
Swindon Borough Council,959.6,2103.81,444.88,1665,998.18,206.61,4.97,0,13.26,50.76,8.91,0,37.62,0,416.69,31.02,0.29,2000.24,0
Wakefield City MDC,130.02,3342,187.64,3309.31,968.49,358.78,8.82,28.64,0,87.23,7.77,1.51,159.99,2765.32,41.55,0.05,26.05,103.08,4.8
Camden LB,0,70.43,38.21,1339.75,267.52,114.22,0,0,0,29.43,0.75,194.03,123.9,4998.7,7.78,8.44,0.05,281.44,0.44
Westminster City Council,1371.44,690.5,0,539.59,0,75.65,0.24,0,0,0,0,0,77.78,5408.09,0,0,0,0,0
Exeter City Council,453,308.406,13.993,399.38,0,5.23,0,0,0,0,0,241.505,110.114,1876.6,12.05,35.43,1.341,0,0
Southampton City Council,946.82,156.72,254.87,1386.21,0,142.85,6.02,0,0,70.85,3.49,113.54,93.26,2749.94,13.48,0,0,643.47,0
Watford Borough Council,3.71,7.26,0,1279.39,0,4.975,0,0,0,0,0,0,4.44,1828.1,0,0,0,0,0
North Lincolnshire Council,914.592,1175.173,427.485,3353.37,638.34,281.005,6.153,4.65,0,20,6.9,111.888,169.928,984.544,96.707,34.574,130.373,1088.26,0.86
Melton Borough Council,0,2.116,1.143,675.73,0,5.08,0,0,0,0,0,107.77,17.164,1414.48,0.024,24.6,0,0,0
North Norfolk District Council,188.52,0,0,1711.48,0,4.66,0,0.82,0,0,0,0,65.658,2652.19,0,0,0.015,0,0
Ryedale District Council,386.78,568.09,138.38,1144.23,0,2.34,0,0,0,0,0,0,26.06,0,66.01,0,1.17,0,0
Daventry District Council,532.49,768.63,119.19,2057.73,0,0,0.29,0,0,0,0,0,0,0,164.6,7.97,0,0,0
Stafford Borough Council,0,761.24,0,2653.82,0,0,0,0,0,0,0,319.48,0.04,2463.04,0,0,0,0,0
Guildford Borough Council,48.18,197.93,0,2883.42,0,6,1.8,0,0,0,0,49.11,27.95,3688.257,0,0,0,0,0
Adur District Council,0,43.86,0,313.34,0,0,0,0,0,0,0,0,12.36,1242.92,0,0,0,0,0
Haringey LB,2.52,117.72,60.36,2018.63,484.32,141.8,0,4.1,0,59.54,0,218.45,111.92,5647.81,12.94,44.97,0,703.44,1.7
Bristol City Council,2492.73,4124.51,567.84,4680.05,1261.09,292.53,12.44,8.5,0,67.72,6.02,0,123.76,0,1194.04,0,49.06,1199.61,0
Council of the Isles of Scilly,39.02,0,15.4,8.26,0,11.02,0,2.03,0,0,0,0,3.085,0,0,0,0,64.89,0
Teignbridge District Council,786.4,854.482,192.66,3460.44,9.2,10.015,0,0,0,0,0,529.02,92.037,0,150.694,20.463,2.429,0,0
Braintree District Council,572.74,57.536,0,3708.23,0,0,0,0,0,0,0,346.173,10.752,2642.95,0,0.796,0,0,0
Essex County Council,349.68,1498.546,1408.633,4795.02,6029.6,1450.691,30.918,66.209,0,391,60.78,0,284.326,0,17.594,32.374,0,0,62.599
Hampshire County Council,693.53,1724.71,2527.1,10269.42,0,1243.4,84.22,0,0,478.83,35.16,1127.99,276.16,0,16.54,0,0,5473.67,0
Thanet District Council,77.3,1403.58,8.4,1482.96,0,12,0,0,0,0,0,0,28.17,1122.4,0,0,0,0,0
Burnley Borough Council,15.54,686.64,0,471.38,0,3.79,0,0,0,0,0,0,3.89,711.8,0,9.07,0,0,0
Boston Borough Council,38.67,7.484,1.671,930.28,0,0,0,0,0,0,0,83.11,31.649,1666.5,1,3.258,0,0,0
South Northamptonshire District Council,14.28,21.04,19.45,2612.43,0,11.35,1.23,0,43.16,0,0,0,49.09,2450.88,2.25,0,0,51.36,0
Tamworth Borough Council,16.18,9.564,0,987.35,0,5.985,0,0,0,0,0,203.42,24.497,2117.25,0,0,0,0,0
Spelthorne Borough Council,0,1.57,0,1144.16,0,0.72,0,0,0,0,0,22.96,9.25,2310.74,0,0,0.73,0,0
Horsham District Council,33.1,53.46,0,2686.438,0,10.08,0,0,0,0,0,0,30.04,3080.77,0,12.78,0,0,0
Liverpool City Council,0,2.68,0,3010.8,0,0,0,0,0,0,0,647.61,72.6,6875.58,0,106.27,0.136,0,0
Barking and Dagenham LB,56.2,99.2,110.2,1012.1,886.8,129.6,3.9,2.2,0,0,2.4,212,26.8,2375.2,32.5,0.3,0,62,1.1
Royal Borough of Kingston upon Thames ,712.081,2073.077,227.025,2133.66,491.68,163.233,3.276,0,0,27.04,3.1,2.06,47.755,0,564.137,110.825,34.3,520.96,0
Wiltshire,3091.77,3975,1259.12,9132.7,0,1372.54,34.75,38.24,202.41,238.52,20.08,0,225.99,3109.62,264.69,21.51,4.33,468.31,12.12
Cornwall,454.35,1054.13,1051.12,5144.54,2116.94,743.31,27.77,6.75,0,119.44,3.37,1.5,93.58,7897.14,36.24,69.13,0,544.44,0
Bedford,557.98,161.44,101.17,2474.04,100.24,146.34,16.76,2.48,0,10.04,2.67,49.86,61.57,2953.81,17.69,0,0,171.78,35
Central Bedfordshire,1238.92,296.46,308.82,4419.78,372.58,325.35,10.77,79.97,0,50.84,12.16,32.68,105.48,5310.52,11.8,0,0,892.36,0
Shropshire,1148.79,2893.79,280.25,8125.81,720.36,427.87,13.46,15.36,0,79.14,5.8,41.61,188.08,1583.82,72.67,0,10.5,206.76,0
Cheshire East,97.13,511.64,332.13,8504.04,1300.83,503.95,12.63,0,0,0,10.71,237.11,160.18,9538,91.46,24.17,0,1980.4,0
Cheshire West and Chester,2236.64,3956.068,819.663,8994.27,1335.9,490.213,13.016,0,0,0,13.498,151.62,217.148,0,970.12,53.803,0,1928.18,1.682
Northumberland,1346.5,390.7,333.7,3323,1021,486,13.8,25,0,96.9,15.6,52.2,449.4,5338.3,361.8,0,2.7,1073,0.4
County Durham,2436.31,540.8,450.93,5195.18,1620.46,439.76,11.67,49.65,0,198.54,9.78,159.06,366.6,9438.57,245.93,0,8.63,1977.48,0
Dorset Waste Partnership,3099.04,1861.21,1065.25,11157.79,1953.5,661.31,27.22,21.55,0,215.02,12.5,417.5,340.53,6892.35,59.28,35,6.81,1018.88,20
